MAKE,MODEL,VEHICLE CLASS,ENGINE SIZE,CYLINDERS,FUEL CONSUMPTION,COEMISSIONS,TRANSMISSION_A4,TRANSMISSION_A5,TRANSMISSION_AS4,TRANSMISSION_AS5,TRANSMISSION_M5,TRANSMISSION_M6,FUEL_E,FUEL_N,FUEL_X,FUEL_Z,scaled_fuel_consumption,scaled_engine_size,scaled_coemissions
VOLKSWAGEN,GTI,COMPACT,2.0,4,11.2,228,False,False,False,False,True,False,False,False,True,False,0.29439252336448596,0.14285714285714285,0.3171355498721228
DODGE,DAKOTA 4X4,PICKUP TRUCK - STANDARD,4.7,8,18.8,382,False,False,False,False,True,False,False,False,True,False,0.6495327102803738,0.5285714285714286,0.710997442455243
GMC,C1500 SIERRA,PICKUP TRUCK - STANDARD,4.8,8,18.9,373,False,False,False,False,True,False,False,False,True,False,0.6542056074766355,0.5428571428571428,0.6879795396419437
FORD,F150 4X4,PICKUP TRUCK - STANDARD,4.6,8,18.5,380,True,False,False,False,False,False,False,False,True,False,0.6355140186915889,0.5142857142857142,0.7058823529411765
FORD,F150 4X4,PICKUP TRUCK - STANDARD,4.2,6,17.3,359,True,False,False,False,False,False,False,False,True,False,0.5794392523364487,0.4571428571428572,0.6521739130434783
VOLKSWAGEN,JETTA,COMPACT,2.0,4,11.9,244,True,False,False,False,False,False,False,False,True,False,0.3271028037383178,0.14285714285714285,0.35805626598465473
TOYOTA,CELICA,SUBCOMPACT,1.8,4,11.6,237,False,False,True,False,False,False,False,False,False,True,0.3130841121495327,0.1142857142857143,0.340153452685422
JEEP,TJ 4X4,SUV,2.5,4,14.7,315,False,False,False,False,True,False,False,False,True,False,0.45794392523364486,0.21428571428571427,0.5396419437340153
VOLKSWAGEN,JETTA TDI DIESEL,COMPACT,1.9,4,8.1,192,True,False,False,False,False,False,False,False,False,False,0.14953271028037382,0.12857142857142856,0.22506393861892582
FORD,E150 CLUB WAGON,VAN - PASSENGER,4.6,8,18.8,382,True,False,False,False,False,False,False,False,True,False,0.6495327102803738,0.5142857142857142,0.710997442455243
ISUZU,HOMBRE,PICKUP TRUCK - SMALL,4.3,6,15.4,313,True,False,False,False,False,False,False,False,True,False,0.4906542056074767,0.4714285714285714,0.5345268542199488
CHEVROLET,IMPALA,FULL-SIZE,3.8,6,13.5,262,True,False,False,False,False,False,False,False,True,False,0.40186915887850466,0.39999999999999997,0.4040920716112532
CHEVROLET,METRO,SUBCOMPACT,1.0,3,7.1,147,False,False,False,False,True,False,False,False,True,False,0.10280373831775698,0.0,0.10997442455242967
FORD,EXPLORER OHV,SUV,4.0,6,17.1,357,False,True,False,False,False,False,False,False,True,False,0.5700934579439253,0.42857142857142855,0.6470588235294118
DODGE,RAM 2500 VAN NGV,VAN - CARGO,5.2,8,20.8,353,True,False,False,False,False,False,False,True,False,False,0.7429906542056075,0.6,0.6368286445012787
ACURA,NSX,SUBCOMPACT,3.0,6,15.2,306,False,False,True,False,False,False,False,False,False,True,0.48130841121495327,0.2857142857142857,0.5166240409207161
FORD,EXPEDITION,SUV,5.4,8,20.2,403,True,False,False,False,False,False,False,False,True,False,0.7149532710280374,0.6285714285714287,0.7647058823529411
OLDSMOBILE,ALERO,COMPACT,3.4,6,13.6,262,True,False,False,False,False,False,False,False,True,False,0.40654205607476634,0.34285714285714286,0.4040920716112532
HONDA,CR-V,SUV,2.0,4,12.5,267,True,False,False,False,False,False,False,False,True,False,0.35514018691588783,0.14285714285714285,0.41687979539641945
NISSAN,FRONTIER V6 4X4,PICKUP TRUCK - STANDARD,3.3,6,16.2,350,False,False,False,False,True,False,False,False,True,False,0.5280373831775701,0.32857142857142857,0.629156010230179
HONDA,ACCORD EX/LX,MID-SIZE,2.3,4,11.8,237,True,False,False,False,False,False,False,False,True,False,0.3224299065420561,0.1857142857142857,0.340153452685422
GMC,SONOMA,PICKUP TRUCK - SMALL,2.2,4,12.2,246,False,False,False,False,True,False,False,False,True,False,0.3411214953271028,0.17142857142857146,0.3631713554987212
DAEWOO,LEGANZA,COMPACT,2.2,4,13.1,258,False,False,False,False,True,False,False,False,True,False,0.38317757009345793,0.17142857142857146,0.3938618925831202
CHRYSLER,INTREPID,FULL-SIZE,2.7,6,13.2,258,False,False,True,False,False,False,False,False,True,False,0.3878504672897196,0.24285714285714288,0.3938618925831202
DODGE,RAM 1500 4X4,PICKUP TRUCK - STANDARD,5.9,8,21.6,426,True,False,False,False,False,False,False,False,True,False,0.7803738317757011,0.7000000000000001,0.8235294117647058
VOLKSWAGEN,NEW BEETLE,SUBCOMPACT,2.0,4,11.2,228,False,False,False,False,True,False,False,False,True,False,0.29439252336448596,0.14285714285714285,0.3171355498721228
BMW,528i,COMPACT,2.8,6,13.0,258,False,False,False,False,True,False,False,False,False,True,0.37850467289719625,0.2571428571428571,0.3938618925831202
CHEVROLET,ASTRO CARGO,VAN - CARGO,4.3,6,16.2,336,True,False,False,False,False,False,False,False,True,False,0.5280373831775701,0.4714285714285714,0.5933503836317136
TOYOTA,CELICA,SUBCOMPACT,1.8,4,11.6,230,False,False,False,False,False,True,False,False,False,True,0.3130841121495327,0.1142857142857143,0.32225063938618925
CADILLAC,CATERA,MID-SIZE,3.0,6,14.7,294,True,False,False,False,False,False,False,False,False,True,0.45794392523364486,0.2857142857142857,0.4859335038363171
AUDI,A4,COMPACT,2.8,6,14.6,285,False,True,False,False,False,False,False,False,False,True,0.4532710280373832,0.2571428571428571,0.4629156010230179
FORD,TAURUS #,MID-SIZE,3.0,6,13.5,265,True,False,False,False,False,False,False,False,True,False,0.40186915887850466,0.2857142857142857,0.4117647058823529
GMC,K1500 YUKON 4X4,SUV,5.7,8,21.2,430,True,False,False,False,False,False,False,False,True,False,0.7616822429906541,0.6714285714285715,0.8337595907928389
TOYOTA,CAMRY,MID-SIZE,2.2,4,11.4,228,False,False,False,False,True,False,False,False,True,False,0.3037383177570094,0.17142857142857146,0.3171355498721228
SUBARU,FORESTER AWD,SUV,2.5,4,12.2,246,True,False,False,False,False,False,False,False,True,False,0.3411214953271028,0.21428571428571427,0.3631713554987212
JAGUAR,VANDEN PLAS,MID-SIZE,4.0,8,15.5,306,False,True,False,False,False,False,False,False,False,True,0.4953271028037383,0.42857142857142855,0.5166240409207161
VOLKSWAGEN,GOLF,COMPACT,1.8,4,11.1,225,False,False,False,False,True,False,False,False,False,True,0.2897196261682243,0.1142857142857143,0.309462915601023
KIA,SPORTAGE 4X4,SUV,2.0,4,13.4,294,True,False,False,False,False,False,False,False,True,False,0.39719626168224303,0.14285714285714285,0.4859335038363171
CHEVROLET,C1500 SILVERADO,PICKUP TRUCK - STANDARD,5.3,8,16.7,343,True,False,False,False,False,False,False,False,True,False,0.5514018691588785,0.6142857142857142,0.6112531969309463
LEXUS,GS 400,MID-SIZE,4.0,8,15.0,299,False,True,False,False,False,False,False,False,False,True,0.4719626168224299,0.42857142857142855,0.49872122762148335
HONDA,ODYSSEY,MINIVAN,3.5,6,14.9,292,True,False,False,False,False,False,False,False,True,False,0.4672897196261683,0.35714285714285715,0.48081841432225064
TOYOTA,TUNDRA,PICKUP TRUCK - STANDARD,3.4,6,16.0,336,False,False,False,False,True,False,False,False,True,False,0.5186915887850467,0.34285714285714286,0.5933503836317136
CHEVROLET,C1500 SILVERADO,PICKUP TRUCK - STANDARD,4.3,6,17.7,368,True,False,False,False,False,False,False,False,True,False,0.5981308411214953,0.4714285714285714,0.6751918158567775
AUDI,A6 QUATTRO,MID-SIZE,4.2,8,15.5,308,False,True,False,False,False,False,False,False,False,True,0.4953271028037383,0.4571428571428572,0.5217391304347826
FERRARI,360 MODENA F1,TWO-SEATER,3.6,8,24.1,472,False,False,False,False,False,True,False,False,False,True,0.8971962616822432,0.37142857142857144,0.9411764705882353
HONDA,CR-V,SUV,2.0,4,12.5,267,False,False,False,False,True,False,False,False,True,False,0.35514018691588783,0.14285714285714285,0.41687979539641945
SATURN,SC #,SUBCOMPACT,1.9,4,10.6,207,True,False,False,False,False,False,False,False,True,False,0.26635514018691586,0.12857142857142856,0.26342710997442453
HONDA,CIVIC COUPE Si,SUBCOMPACT,1.6,4,10.5,216,True,False,False,False,False,False,False,False,True,False,0.2616822429906542,0.08571428571428573,0.2864450127877238
HYUNDAI,SONATA 2.5L,MID-SIZE,2.5,6,13.2,262,True,False,False,False,False,False,False,False,True,False,0.3878504672897196,0.21428571428571427,0.4040920716112532
MERCEDES-BENZ,E 320 4MATIC WAGON,STATION WAGON - MID-SIZE,3.2,6,13.5,274,False,True,False,False,False,False,False,False,False,True,0.40186915887850466,0.31428571428571433,0.43478260869565216
CHRYSLER,CONCORDE,FULL-SIZE,2.7,6,13.2,260,True,False,False,False,False,False,False,False,True,False,0.3878504672897196,0.24285714285714288,0.3989769820971867
FORD,RANGER,PICKUP TRUCK - STANDARD,4.0,6,14.9,306,False,False,False,False,True,False,False,False,True,False,0.4672897196261683,0.42857142857142855,0.5166240409207161
FORD,COUGAR,COMPACT,2.5,6,13.3,260,False,False,False,False,True,False,False,False,True,False,0.39252336448598135,0.21428571428571427,0.3989769820971867
TOYOTA,4RUNNER 4X4,SUV,3.4,6,15.7,331,False,False,False,False,True,False,False,False,True,False,0.5046728971962616,0.34285714285714286,0.5805626598465473
FORD,GRAND MARQUIS,FULL-SIZE,4.6,8,15.0,297,True,False,False,False,False,False,False,False,True,False,0.4719626168224299,0.5142857142857142,0.4936061381074169
AUDI,A4,COMPACT,1.8,4,12.9,251,False,True,False,False,False,False,False,False,False,True,0.3738317757009346,0.1142857142857143,0.37595907928388744
JEEP,CHEROKEE 4X4,SUV,4.0,6,16.6,338,True,False,False,False,False,False,False,False,True,False,0.5467289719626169,0.42857142857142855,0.59846547314578
MAZDA,626,MID-SIZE,2.5,6,13.7,278,True,False,False,False,False,False,False,False,False,True,0.411214953271028,0.21428571428571427,0.44501278772378516
INFINITI,QX4 4X4,SUV,3.3,6,17.7,366,True,False,False,False,False,False,False,False,True,False,0.5981308411214953,0.32857142857142857,0.670076726342711
VOLVO,S70,MID-SIZE,2.4,5,13.2,262,False,True,False,False,False,False,False,False,False,True,0.3878504672897196,0.19999999999999998,0.4040920716112532
GMC,C2500 SIERRA,PICKUP TRUCK - STANDARD,5.3,8,17.9,373,True,False,False,False,False,False,False,False,True,False,0.6074766355140186,0.6142857142857142,0.6879795396419437
CHEVROLET,C2500 SILVERADO,PICKUP TRUCK - STANDARD,5.3,8,17.9,373,True,False,False,False,False,False,False,False,True,False,0.6074766355140186,0.6142857142857142,0.6879795396419437
PONTIAC,FIREBIRD/FORMULA,SUBCOMPACT,3.8,6,13.8,265,False,False,False,False,True,False,False,False,True,False,0.41588785046728977,0.39999999999999997,0.4117647058823529
MERCEDES-BENZ,CLK 430 CABRIOLET,MINICOMPACT,4.3,8,15.2,304,False,True,False,False,False,False,False,False,False,True,0.48130841121495327,0.4714285714285714,0.5115089514066496
TOYOTA,TACOMA,PICKUP TRUCK - STANDARD,2.4,4,12.2,253,False,False,False,False,True,False,False,False,True,False,0.3411214953271028,0.19999999999999998,0.38107416879795397
MAZDA,626,MID-SIZE,2.0,4,10.6,219,False,False,False,False,True,False,False,False,True,False,0.26635514018691586,0.14285714285714285,0.29411764705882354
FORD,F150 4X4,PICKUP TRUCK - STANDARD,4.6,8,18.8,380,False,False,False,False,True,False,False,False,True,False,0.6495327102803738,0.5142857142857142,0.7058823529411765
SUBARU,LEGACY WAGON AWD,STATION WAGON - MID-SIZE,2.5,4,12.5,253,False,False,False,False,True,False,False,False,True,False,0.35514018691588783,0.21428571428571427,0.38107416879795397
AUDI,TT COUPE QUATTRO (SUPERCHARGED),MINICOMPACT,1.8,4,13.1,260,False,False,False,False,False,True,False,False,False,True,0.38317757009345793,0.1142857142857143,0.3989769820971867
DODGE,GRAND CARAVAN,MINIVAN,3.8,6,15.5,308,False,False,True,False,False,False,False,False,True,False,0.4953271028037383,0.39999999999999997,0.5217391304347826
SATURN,SW WAGON #,STATION WAGON - SMALL,1.9,4,10.3,202,False,False,False,False,True,False,False,False,True,False,0.25233644859813087,0.12857142857142856,0.2506393861892583
DODGE,DURANGO 4X4,SUV,4.7,8,19.3,389,True,False,False,False,False,False,False,False,True,False,0.6728971962616823,0.5285714285714286,0.7289002557544757
ISUZU,RODEO 4X4,SUV,3.2,6,16.8,347,False,False,False,False,True,False,False,False,True,False,0.5560747663551402,0.31428571428571433,0.6214833759590793
DAEWOO,LANOS,SUBCOMPACT,1.5,4,11.3,216,True,False,False,False,False,False,False,False,True,False,0.2990654205607477,0.07142857142857142,0.2864450127877238
CHEVROLET,BLAZER,SUV,4.3,6,16.2,336,True,False,False,False,False,False,False,False,True,False,0.5280373831775701,0.4714285714285714,0.5933503836317136
JAGUAR,XK8,SUBCOMPACT,4.0,8,15.4,304,False,True,False,False,False,False,False,False,False,True,0.4906542056074767,0.42857142857142855,0.5115089514066496
CHEVROLET,CAVALIER,SUBCOMPACT,2.4,4,12.5,248,True,False,False,False,False,False,False,False,True,False,0.35514018691588783,0.19999999999999998,0.36828644501278773
INFINITI,G20,COMPACT,2.0,4,11.4,230,False,False,False,False,True,False,False,False,True,False,0.3037383177570094,0.14285714285714285,0.32225063938618925
CADILLAC,ELDORADO,MID-SIZE,4.6,8,15.5,297,True,False,False,False,False,False,False,False,False,True,0.4953271028037383,0.5142857142857142,0.4936061381074169
SUBARU,IMPREZA AWD,SUBCOMPACT,2.5,4,12.8,258,False,False,False,False,True,False,False,False,True,False,0.36915887850467294,0.21428571428571427,0.3938618925831202
MERCEDES-BENZ,CLK 320,SUBCOMPACT,3.2,6,12.9,255,False,True,False,False,False,False,False,False,False,True,0.3738317757009346,0.31428571428571433,0.38618925831202044
DODGE,GRAND CARAVAN FFV,MINIVAN,3.3,6,20.6,283,True,False,False,False,False,False,True,False,False,False,0.7336448598130842,0.32857142857142857,0.4578005115089514
AUDI,A4 QUATTRO,COMPACT,2.8,6,14.9,292,False,True,False,False,False,False,False,False,False,True,0.4672897196261683,0.2571428571428571,0.48081841432225064
GMC,K1500 SIERRA 4X4,PICKUP TRUCK - STANDARD,4.8,8,17.3,366,True,False,False,False,False,False,False,False,True,False,0.5794392523364487,0.5428571428571428,0.670076726342711
SATURN,LS,MID-SIZE,3.0,6,13.3,269,True,False,False,False,False,False,False,False,True,False,0.39252336448598135,0.2857142857142857,0.4219948849104859
CHEVROLET,CAMARO,SUBCOMPACT,5.7,8,15.4,306,True,False,False,False,False,False,False,False,False,True,0.4906542056074767,0.6714285714285715,0.5166240409207161
SUZUKI,VITARA 4X4,SUV,2.0,4,11.8,253,False,False,False,False,True,False,False,False,True,False,0.3224299065420561,0.14285714285714285,0.38107416879795397
CHEVROLET,NEW C1500 SUBURBAN,SUV,5.3,8,18.9,391,True,False,False,False,False,False,False,False,True,False,0.6542056074766355,0.6142857142857142,0.7340153452685422
SAAB,9-5 TURBO,FULL-SIZE,3.0,6,14.3,283,True,False,False,False,False,False,False,False,True,False,0.4392523364485982,0.2857142857142857,0.4578005115089514
PONTIAC,GRAND PRIX,MID-SIZE,3.1,6,13.1,255,True,False,False,False,False,False,False,False,True,False,0.38317757009345793,0.3,0.38618925831202044
BMW,323Ci,COMPACT,2.5,6,13.8,271,False,True,False,False,False,False,False,False,False,True,0.41588785046728977,0.21428571428571427,0.42710997442455245
ACURA,1.6EL,COMPACT,1.6,4,10.5,216,True,False,False,False,False,False,False,False,True,False,0.2616822429906542,0.08571428571428573,0.2864450127877238
VOLVO,S80 T-6,MID-SIZE,2.8,6,15.1,297,False,False,True,False,False,False,False,False,False,True,0.4766355140186916,0.2571428571428571,0.4936061381074169
PONTIAC,SUNFIRE,SUBCOMPACT,2.4,4,12.5,248,True,False,False,False,False,False,False,False,True,False,0.35514018691588783,0.19999999999999998,0.36828644501278773
TOYOTA,TACOMA 4X4,PICKUP TRUCK - STANDARD,2.7,4,15.7,329,False,False,False,False,True,False,False,False,True,False,0.5046728971962616,0.24285714285714288,0.5754475703324808
PONTIAC,FIREBIRD/FORMULA,SUBCOMPACT,3.8,6,13.9,269,True,False,False,False,False,False,False,False,True,False,0.42056074766355145,0.39999999999999997,0.4219948849104859
PORSCHE,911 CARRERA 4,MINICOMPACT,3.4,6,15.7,311,False,False,False,False,False,True,False,False,False,True,0.5046728971962616,0.34285714285714286,0.5294117647058824
GMC,G1500/G2500 SAVANA PASSENGER,VAN - PASSENGER,5.0,8,18.3,377,True,False,False,False,False,False,False,False,True,False,0.6261682242990655,0.5714285714285714,0.6982097186700768
AUDI,A6 QUATTRO,MID-SIZE,2.8,6,14.6,297,False,False,False,False,True,False,False,False,False,True,0.4532710280373832,0.2571428571428571,0.4936061381074169
BUICK,LESABRE,FULL-SIZE,3.8,6,13.8,265,True,False,False,False,False,False,False,False,True,False,0.41588785046728977,0.39999999999999997,0.4117647058823529
CHEVROLET,METRO,SUBCOMPACT,1.3,4,7.6,156,False,False,False,False,True,False,False,False,True,False,0.1261682242990654,0.042857142857142864,0.1329923273657289
PONTIAC,FIREFLY,SUBCOMPACT,1.0,3,7.1,147,False,False,False,False,True,False,False,False,True,False,0.10280373831775698,0.0,0.10997442455242967
FORD,ESCORT ZX2,COMPACT,2.0,4,10.6,216,True,False,False,False,False,False,False,False,True,False,0.26635514018691586,0.14285714285714285,0.2864450127877238
CHEVROLET,CAMARO,SUBCOMPACT,5.7,8,14.7,285,False,False,False,False,False,True,False,False,False,True,0.45794392523364486,0.6714285714285715,0.4629156010230179
DODGE,GRAND CARAVAN,MINIVAN,3.3,6,14.5,288,True,False,False,False,False,False,False,False,True,False,0.4485981308411215,0.32857142857142857,0.47058823529411764
MERCEDES-BENZ,SL 500,SUBCOMPACT,5.0,8,16.3,322,False,True,False,False,False,False,False,False,False,True,0.5327102803738318,0.5714285714285714,0.5575447570332481
FORD,WINDSTAR VAN,VAN - CARGO,3.8,6,14.9,304,True,False,False,False,False,False,False,False,True,False,0.4672897196261683,0.39999999999999997,0.5115089514066496
AUDI,A6 AVANT QUATTRO,STATION WAGON - MID-SIZE,2.8,6,15.4,306,False,True,False,False,False,False,False,False,False,True,0.4906542056074767,0.2571428571428571,0.5166240409207161
TOYOTA,TACOMA,PICKUP TRUCK - STANDARD,2.4,4,12.6,267,True,False,False,False,False,False,False,False,True,False,0.3598130841121495,0.19999999999999998,0.41687979539641945
VOLKSWAGEN,NEW BEETLE,SUBCOMPACT,2.0,4,11.9,244,True,False,False,False,False,False,False,False,True,False,0.3271028037383178,0.14285714285714285,0.35805626598465473
CHRYSLER,NEON,COMPACT,2.0,4,10.9,223,False,False,False,False,False,False,False,False,True,False,0.28037383177570097,0.14285714285714285,0.30434782608695654
HONDA,INSIGHT,SUBCOMPACT,1.0,3,4.9,104,False,False,False,False,True,False,False,False,True,False,0.0,0.0,0.0
HONDA,ACCORD EX/LX,MID-SIZE,2.3,4,10.8,221,False,False,False,False,True,False,False,False,True,False,0.2757009345794393,0.1857142857142857,0.29923273657289
TOYOTA,TACOMA 4X4,PICKUP TRUCK - STANDARD,3.4,6,15.7,331,False,False,False,False,True,False,False,False,True,False,0.5046728971962616,0.34285714285714286,0.5805626598465473
MERCEDES-BENZ,CLK 430,SUBCOMPACT,4.3,8,14.4,290,False,True,False,False,False,False,False,False,False,True,0.44392523364485986,0.4714285714285714,0.47570332480818417
VOLKSWAGEN,GOLF TDI DIESEL,COMPACT,1.9,4,8.1,192,True,False,False,False,False,False,False,False,False,False,0.14953271028037382,0.12857142857142856,0.22506393861892582
JAGUAR,XJR #,COMPACT,4.0,8,16.5,331,False,True,False,False,False,False,False,False,False,True,0.5420560747663552,0.42857142857142855,0.5805626598465473
MERCEDES-BENZ,E 320 WAGON,STATION WAGON - MID-SIZE,3.2,6,13.2,267,False,True,False,False,False,False,False,False,False,True,0.3878504672897196,0.31428571428571433,0.41687979539641945
VOLVO,S80 2.9,MID-SIZE,2.9,6,14.5,285,True,False,False,False,False,False,False,False,False,True,0.4485981308411215,0.2714285714285714,0.4629156010230179
DODGE,CARAVAN FFV,MINIVAN,3.3,6,20.6,283,True,False,False,False,False,False,True,False,False,False,0.7336448598130842,0.32857142857142857,0.4578005115089514
BMW,X5,SUV,4.4,8,14.9,294,False,True,False,False,False,False,False,False,False,True,0.4672897196261683,0.48571428571428577,0.4859335038363171
GMC,SONOMA,PICKUP TRUCK - SMALL,2.2,4,13.8,278,True,False,False,False,False,False,False,False,True,False,0.41588785046728977,0.17142857142857146,0.44501278772378516
BMW,540i,COMPACT,4.4,8,16.4,317,False,False,False,False,False,True,False,False,False,True,0.5373831775700935,0.48571428571428577,0.5447570332480819
CHEVROLET,CAVALIER,SUBCOMPACT,2.4,4,12.1,235,False,False,False,False,True,False,False,False,True,False,0.3364485981308411,0.19999999999999998,0.3350383631713555
VOLVO,C70 TURBO,COMPACT,2.3,5,13.0,260,False,False,False,False,True,False,False,False,False,True,0.37850467289719625,0.1857142857142857,0.3989769820971867
NISSAN,QUEST,MINIVAN,3.3,6,15.5,306,True,False,False,False,False,False,False,False,True,False,0.4953271028037383,0.32857142857142857,0.5166240409207161
CHEVROLET,K1500 SILVERADO 4X4,PICKUP TRUCK - STANDARD,4.8,8,20.1,405,False,False,False,False,True,False,False,False,True,False,0.7102803738317758,0.5428571428571428,0.7698209718670077
HONDA,ACCORD DX,MID-SIZE,2.3,4,11.5,235,False,False,False,False,True,False,False,False,True,False,0.308411214953271,0.1857142857142857,0.3350383631713555
DODGE,RAM 1500 4X4,PICKUP TRUCK - STANDARD,5.2,8,22.1,437,False,False,False,False,True,False,False,False,True,False,0.8037383177570095,0.6,0.8516624040920716
VOLVO,V70R AWD TURBO,STATION WAGON - MID-SIZE,2.4,5,14.7,299,False,True,False,False,False,False,False,False,False,True,0.45794392523364486,0.19999999999999998,0.49872122762148335
SUZUKI,GRAND VITARA 4X4,SUV,2.5,6,14.2,304,True,False,False,False,False,False,False,False,True,False,0.43457943925233644,0.21428571428571427,0.5115089514066496
SATURN,SL #,COMPACT,1.9,4,10.3,202,False,False,False,False,True,False,False,False,True,False,0.25233644859813087,0.12857142857142856,0.2506393861892583
TOYOTA,CAMRY,MID-SIZE,3.0,6,13.4,267,True,False,False,False,False,False,False,False,True,False,0.39719626168224303,0.2857142857142857,0.41687979539641945
NISSAN,FRONTIER V6 4X4,PICKUP TRUCK - STANDARD,3.3,6,17.3,361,True,False,False,False,False,False,False,False,True,False,0.5794392523364487,0.32857142857142857,0.6572890025575447
TOYOTA,ECHO,COMPACT,1.5,4,8.2,173,False,False,False,False,True,False,False,False,True,False,0.15420560747663548,0.07142857142857142,0.17647058823529413
GMC,K1500 SIERRA 4X4,PICKUP TRUCK - STANDARD,4.3,6,18.7,386,False,False,False,False,True,False,False,False,True,False,0.6448598130841121,0.4714285714285714,0.7212276214833759
HYUNDAI,ACCENT,COMPACT,1.5,4,10.5,209,True,False,False,False,False,False,False,False,True,False,0.2616822429906542,0.07142857142857142,0.26854219948849106
PONTIAC,GRAND AM,COMPACT,2.4,4,12.1,242,True,False,False,False,False,False,False,False,True,False,0.3364485981308411,0.19999999999999998,0.35294117647058826
GMC,K1500 SIERRA 4X4,PICKUP TRUCK - STANDARD,4.3,6,17.0,350,True,False,False,False,False,False,False,False,True,False,0.5654205607476636,0.4714285714285714,0.629156010230179
CHRYSLER,SEBRING CONVERTIBLE,COMPACT,2.5,6,13.6,269,True,False,False,False,False,False,False,False,True,False,0.40654205607476634,0.21428571428571427,0.4219948849104859
CHEVROLET,S10,PICKUP TRUCK - SMALL,4.3,6,15.4,313,True,False,False,False,False,False,False,False,True,False,0.4906542056074767,0.4714285714285714,0.5345268542199488
SATURN,LS,MID-SIZE,2.2,4,12.2,235,False,False,False,False,True,False,False,False,True,False,0.3411214953271028,0.17142857142857146,0.3350383631713555
TOYOTA,CAMRY SOLARA,COMPACT,3.0,6,12.7,253,False,False,False,False,True,False,False,False,True,False,0.3644859813084112,0.2857142857142857,0.38107416879795397
DODGE,GRAND CARAVAN AWD,MINIVAN,3.8,6,16.2,320,True,False,False,False,False,False,False,False,True,False,0.5280373831775701,0.39999999999999997,0.5524296675191815
JAGUAR,XK8 CONVERTIBLE,MINICOMPACT,4.0,8,15.5,306,False,True,False,False,False,False,False,False,False,True,0.4953271028037383,0.42857142857142855,0.5166240409207161
JEEP,GRAND CHEROKEE 4X4,SUV,4.0,6,16.5,336,True,False,False,False,False,False,False,False,True,False,0.5420560747663552,0.42857142857142855,0.5933503836317136
VOLVO,S70 T5 TURBO,MID-SIZE,2.3,5,13.0,260,False,False,False,False,True,False,False,False,False,True,0.37850467289719625,0.1857142857142857,0.3989769820971867
VOLKSWAGEN,GOLF,COMPACT,2.0,4,11.9,244,True,False,False,False,False,False,False,False,True,False,0.3271028037383178,0.14285714285714285,0.35805626598465473
CHRYSLER,INTREPID,FULL-SIZE,3.5,6,14.4,283,False,False,True,False,False,False,False,False,True,False,0.44392523364485986,0.35714285714285715,0.4578005115089514
CHRYSLER,INTREPID,FULL-SIZE,3.2,6,14.2,274,False,False,True,False,False,False,False,False,True,False,0.43457943925233644,0.31428571428571433,0.43478260869565216
HYUNDAI,ELANTRA WAGON,STATION WAGON - SMALL,2.0,4,11.4,228,False,False,False,False,True,False,False,False,True,False,0.3037383177570094,0.14285714285714285,0.3171355498721228
AUDI,A6 QUATTRO,MID-SIZE,2.7,6,15.2,304,False,True,False,False,False,False,False,False,False,True,0.48130841121495327,0.24285714285714288,0.5115089514066496
DODGE,DAKOTA,PICKUP TRUCK - STANDARD,5.9,8,20.8,423,True,False,False,False,False,False,False,False,True,False,0.7429906542056075,0.7000000000000001,0.8158567774936062
SUBARU,IMPREZA AWD,SUBCOMPACT,2.2,4,11.7,239,True,False,False,False,False,False,False,False,True,False,0.3177570093457944,0.17142857142857146,0.3452685421994885
AUDI,A4,COMPACT,2.8,6,13.2,260,False,False,False,False,True,False,False,False,False,True,0.3878504672897196,0.2571428571428571,0.3989769820971867
AUDI,S4 QUATTRO,COMPACT,2.7,6,15.2,304,False,True,False,False,False,False,False,False,False,True,0.48130841121495327,0.24285714285714288,0.5115089514066496
NISSAN,ALTIMA,COMPACT,2.4,4,11.6,235,False,False,False,False,True,False,False,False,True,False,0.3130841121495327,0.19999999999999998,0.3350383631713555
DODGE,DAKOTA,PICKUP TRUCK - STANDARD,3.9,6,16.8,329,False,False,False,False,True,False,False,False,True,False,0.5560747663551402,0.41428571428571426,0.5754475703324808
MAZDA,MILLENIA,COMPACT,2.5,6,13.8,276,True,False,False,False,False,False,False,False,False,True,0.41588785046728977,0.21428571428571427,0.4398976982097187
LINCOLN,TOWN CAR,FULL-SIZE,4.6,8,15.3,304,True,False,False,False,False,False,False,False,True,False,0.485981308411215,0.5142857142857142,0.5115089514066496
FORD,F150,PICKUP TRUCK - STANDARD,4.6,8,17.8,354,False,False,False,False,True,False,False,False,True,False,0.602803738317757,0.5142857142857142,0.639386189258312
LINCOLN,LS,MID-SIZE,3.0,6,15.5,304,False,False,False,False,True,False,False,False,True,False,0.4953271028037383,0.2857142857142857,0.5115089514066496
FORD,TAURUS WAGON,STATION WAGON - MID-SIZE,3.0,6,14.2,278,True,False,False,False,False,False,False,False,True,False,0.43457943925233644,0.2857142857142857,0.44501278772378516
DAEWOO,LANOS,SUBCOMPACT,1.5,4,10.3,205,False,False,False,False,True,False,False,False,True,False,0.25233644859813087,0.07142857142857142,0.25831202046035806
CHEVROLET,S10 4X4,PICKUP TRUCK - STANDARD,4.3,6,16.8,345,True,False,False,False,False,False,False,False,True,False,0.5560747663551402,0.4714285714285714,0.6163682864450127
MAZDA,B3000,PICKUP TRUCK - STANDARD,3.0,6,16.2,322,False,False,False,False,True,False,False,False,True,False,0.5280373831775701,0.2857142857142857,0.5575447570332481
GMC,C2500 SIERRA,PICKUP TRUCK - STANDARD,6.0,8,21.4,435,True,False,False,False,False,False,False,False,True,False,0.7710280373831776,0.7142857142857143,0.8465473145780051
CHEVROLET,MALIBU,MID-SIZE,3.1,6,13.1,255,True,False,False,False,False,False,False,False,True,False,0.38317757009345793,0.3,0.38618925831202044
TOYOTA,TACOMA 4X4,PICKUP TRUCK - STANDARD,3.4,6,15.2,324,True,False,False,False,False,False,False,False,True,False,0.48130841121495327,0.34285714285714286,0.5626598465473146
DODGE,DAKOTA 4X4,PICKUP TRUCK - STANDARD,3.9,6,18.1,375,True,False,False,False,False,False,False,False,True,False,0.6168224299065421,0.41428571428571426,0.6930946291560103
BMW,Z3,SUBCOMPACT,2.8,6,13.9,278,True,False,False,False,False,False,False,False,False,True,0.42056074766355145,0.2571428571428571,0.44501278772378516
KIA,SEPHIA,COMPACT,1.8,4,11.2,237,False,False,False,False,True,False,False,False,True,False,0.29439252336448596,0.1142857142857143,0.340153452685422
FORD,E150 CLUB WAGON,VAN - PASSENGER,5.4,8,19.9,403,True,False,False,False,False,False,False,False,True,False,0.7009345794392523,0.6285714285714287,0.7647058823529411
GMC,C1500 SIERRA,PICKUP TRUCK - STANDARD,4.8,8,16.3,334,True,False,False,False,False,False,False,False,True,False,0.5327102803738318,0.5428571428571428,0.5882352941176471
AUDI,A6,MID-SIZE,2.8,6,15.0,294,False,True,False,False,False,False,False,False,False,True,0.4719626168224299,0.2571428571428571,0.4859335038363171
SATURN,LW WAGON,STATION WAGON - MID-SIZE,3.0,6,13.3,269,True,False,False,False,False,False,False,False,True,False,0.39252336448598135,0.2857142857142857,0.4219948849104859
FORD,FOCUS WAGON,STATION WAGON - MID-SIZE,2.0,4,10.9,216,False,False,False,False,True,False,False,False,True,False,0.28037383177570097,0.14285714285714285,0.2864450127877238
ISUZU,TROOPER 4X4,SUV,3.5,6,17.9,368,False,False,False,False,True,False,False,False,True,False,0.6074766355140186,0.35714285714285715,0.6751918158567775
VOLKSWAGEN,PASSAT,MID-SIZE,1.8,4,11.2,225,False,False,False,False,True,False,False,False,False,True,0.29439252336448596,0.1142857142857143,0.309462915601023
DODGE,RAM 1500,PICKUP TRUCK - STANDARD,3.9,6,17.4,345,False,False,False,False,True,False,False,False,True,False,0.5841121495327103,0.41428571428571426,0.6163682864450127
VOLKSWAGEN,EUROVAN CAMPER,MINIVAN,2.8,6,18.6,375,True,False,False,False,False,False,False,False,True,False,0.6401869158878506,0.2571428571428571,0.6930946291560103
VOLKSWAGEN,PASSAT,MID-SIZE,1.8,4,13.2,258,False,True,False,False,False,False,False,False,False,True,0.3878504672897196,0.1142857142857143,0.3938618925831202
PONTIAC,FIREFLY,SUBCOMPACT,1.3,4,9.1,191,False,False,False,False,False,False,False,False,True,False,0.19626168224299062,0.042857142857142864,0.22250639386189258
CHEVROLET,CAVALIER BIFUEL,SUBCOMPACT,2.2,4,11.8,242,False,False,False,False,False,False,False,False,True,False,0.3224299065420561,0.17142857142857146,0.35294117647058826
DODGE,DURANGO 5.9 R/T 4X4,SUV,5.9,8,22.3,444,True,False,False,False,False,False,False,False,False,True,0.8130841121495327,0.7000000000000001,0.8695652173913043
GMC,K1500 SIERRA 4X4,PICKUP TRUCK - STANDARD,4.8,8,20.2,407,False,False,False,False,True,False,False,False,True,False,0.7149532710280374,0.5428571428571428,0.7749360613810742
MERCEDES-BENZ,ML 430,SUV,4.3,8,17.0,354,False,True,False,False,False,False,False,False,False,True,0.5654205607476636,0.4714285714285714,0.639386189258312
LINCOLN,CONTINENTAL,FULL-SIZE,4.6,8,15.2,297,True,False,False,False,False,False,False,False,False,True,0.48130841121495327,0.5142857142857142,0.4936061381074169
LEXUS,ES 300,COMPACT,3.0,6,13.8,276,True,False,False,False,False,False,False,False,True,False,0.41588785046728977,0.2857142857142857,0.4398976982097187
JAGUAR,XKR #,SUBCOMPACT,4.0,8,15.7,313,False,True,False,False,False,False,False,False,False,True,0.5046728971962616,0.42857142857142855,0.5345268542199488
ACURA,INTEGRA,SUBCOMPACT,1.8,4,10.6,219,False,False,False,False,True,False,False,False,True,False,0.26635514018691586,0.1142857142857143,0.29411764705882354
BMW,540i,COMPACT,4.4,8,14.7,294,False,True,False,False,False,False,False,False,False,True,0.45794392523364486,0.48571428571428577,0.4859335038363171
NISSAN,XTERRA,SUV,2.4,4,14.2,292,False,False,False,False,True,False,False,False,True,False,0.43457943925233644,0.19999999999999998,0.48081841432225064
NISSAN,XTERRA V6,SUV,3.3,6,15.9,338,False,False,False,False,True,False,False,False,True,False,0.5140186915887851,0.32857142857142857,0.59846547314578
NISSAN,FRONTIER V6,PICKUP TRUCK - STANDARD,3.3,6,16.1,345,False,False,False,False,True,False,False,False,True,False,0.5233644859813085,0.32857142857142857,0.6163682864450127
AUDI,A4 QUATTRO,COMPACT,2.8,6,14.3,288,False,False,False,False,True,False,False,False,False,True,0.4392523364485982,0.2571428571428571,0.47058823529411764
BMW,740i,MID-SIZE,4.4,8,15.4,308,False,True,False,False,False,False,False,False,False,True,0.4906542056074767,0.48571428571428577,0.5217391304347826
VOLKSWAGEN,PASSAT WAGON,STATION WAGON - MID-SIZE,2.8,6,13.4,262,False,False,False,False,True,False,False,False,False,True,0.39719626168224303,0.2571428571428571,0.4040920716112532
VOLKSWAGEN,CABRIO,SUBCOMPACT,2.0,4,11.2,230,False,False,False,False,True,False,False,False,True,False,0.29439252336448596,0.14285714285714285,0.32225063938618925
ACURA,3.5RL,MID-SIZE,3.5,6,15.0,301,True,False,False,False,False,False,False,False,False,True,0.4719626168224299,0.35714285714285715,0.5038363171355499
TOYOTA,RAV4,SUV,2.0,4,11.3,235,True,False,False,False,False,False,False,False,True,False,0.2990654205607477,0.14285714285714285,0.3350383631713555
ISUZU,HOMBRE 4X4,PICKUP TRUCK - STANDARD,4.3,6,16.8,345,True,False,False,False,False,False,False,False,True,False,0.5560747663551402,0.4714285714285714,0.6163682864450127
HONDA,ACCORD,MID-SIZE,3.0,6,13.0,260,True,False,False,False,False,False,False,False,True,False,0.37850467289719625,0.2857142857142857,0.3989769820971867
GMC,C1500 YUKON,SUV,4.8,8,18.7,391,True,False,False,False,False,False,False,False,True,False,0.6448598130841121,0.5428571428571428,0.7340153452685422
MERCEDES-BENZ,E 320,MID-SIZE,3.2,6,12.9,253,False,True,False,False,False,False,False,False,False,True,0.3738317757009346,0.31428571428571433,0.38107416879795397
VOLKSWAGEN,EUROVAN,MINIVAN,2.8,6,17.6,357,True,False,False,False,False,False,False,False,True,False,0.5934579439252338,0.2571428571428571,0.6470588235294118
MAZDA,MX-5 MIATA,SUBCOMPACT,1.8,4,11.1,230,False,False,False,False,True,False,False,False,True,False,0.2897196261682243,0.1142857142857143,0.32225063938618925
FORD,E150 VAN,VAN - CARGO,5.4,8,17.9,363,True,False,False,False,False,False,False,False,True,False,0.6074766355140186,0.6285714285714287,0.6624040920716112
AUDI,S4 QUATTRO,COMPACT,2.7,6,15.2,304,False,False,False,False,False,True,False,False,False,True,0.48130841121495327,0.24285714285714288,0.5115089514066496
SAAB,9-5 WAGON TURBO,STATION WAGON - MID-SIZE,2.3,4,13.9,276,True,False,False,False,False,False,False,False,True,False,0.42056074766355145,0.1857142857142857,0.4398976982097187
FORD,RANGER,PICKUP TRUCK - STANDARD,3.0,6,16.2,322,False,False,False,False,True,False,False,False,True,False,0.5280373831775701,0.2857142857142857,0.5575447570332481
BMW,750iL,FULL-SIZE,5.4,12,19.1,373,False,True,False,False,False,False,False,False,False,True,0.663551401869159,0.6285714285714287,0.6879795396419437
FORD,ESCORT ZX2,COMPACT,2.0,4,10.6,216,False,False,False,False,True,False,False,False,True,False,0.26635514018691586,0.14285714285714285,0.2864450127877238
BMW,328Ci,COMPACT,2.8,6,13.9,274,False,True,False,False,False,False,False,False,False,True,0.42056074766355145,0.2571428571428571,0.43478260869565216
DAEWOO,LEGANZA,COMPACT,2.2,4,13.4,265,True,False,False,False,False,False,False,False,True,False,0.39719626168224303,0.17142857142857146,0.4117647058823529
FORD,EXPLORER 4X4,SUV,5.0,8,18.7,373,True,False,False,False,False,False,False,False,True,False,0.6448598130841121,0.5714285714285714,0.6879795396419437
VOLKSWAGEN,PASSAT,MID-SIZE,2.8,6,14.7,288,False,True,False,False,False,False,False,False,False,True,0.45794392523364486,0.2571428571428571,0.47058823529411764
DODGE,DAKOTA 4X4,PICKUP TRUCK - STANDARD,4.7,8,18.3,370,True,False,False,False,False,False,False,False,True,False,0.6261682242990655,0.5285714285714286,0.680306905370844
SUZUKI,VITARA CONVERTIBLE 4X4,SUV,1.6,4,10.5,228,False,False,False,False,True,False,False,False,True,False,0.2616822429906542,0.08571428571428573,0.3171355498721228
MAZDA,MILLENIA #,COMPACT,2.3,6,13.7,271,True,False,False,False,False,False,False,False,False,True,0.411214953271028,0.1857142857142857,0.42710997442455245
DODGE,RAM 1500 4X4,PICKUP TRUCK - STANDARD,5.2,8,21.6,435,True,False,False,False,False,False,False,False,True,False,0.7803738317757011,0.6,0.8465473145780051
SUZUKI,VITARA CONVERTIBLE 4X4,SUV,2.0,4,11.8,255,False,False,False,False,True,False,False,False,True,False,0.3224299065420561,0.14285714285714285,0.38618925831202044
TOYOTA,AVALON,FULL-SIZE,3.0,6,12.7,251,True,False,False,False,False,False,False,False,True,False,0.3644859813084112,0.2857142857142857,0.37595907928388744
VOLKSWAGEN,PASSAT WAGON,STATION WAGON - MID-SIZE,2.8,6,14.7,288,False,True,False,False,False,False,False,False,False,True,0.45794392523364486,0.2571428571428571,0.47058823529411764
TOYOTA,CAMRY,MID-SIZE,2.2,4,11.8,239,True,False,False,False,False,False,False,False,True,False,0.3224299065420561,0.17142857142857146,0.3452685421994885
CADILLAC,DEVILLE,FULL-SIZE,4.6,8,15.5,297,True,False,False,False,False,False,False,False,False,True,0.4953271028037383,0.5142857142857142,0.4936061381074169
VOLVO,S70,MID-SIZE,2.4,5,12.6,251,False,False,False,False,True,False,False,False,False,True,0.3598130841121495,0.19999999999999998,0.37595907928388744
DODGE,DAKOTA,PICKUP TRUCK - STANDARD,3.9,6,16.3,331,True,False,False,False,False,False,False,False,True,False,0.5327102803738318,0.41428571428571426,0.5805626598465473
LAND ROVER,DISCOVERY SERIES II 4X4,SUV,4.0,8,19.6,403,True,False,False,False,False,False,False,False,False,True,0.6869158878504674,0.42857142857142855,0.7647058823529411
DAEWOO,NUBIRA WAGON,STATION WAGON - SMALL,2.0,4,11.9,237,False,False,False,False,True,False,False,False,True,False,0.3271028037383178,0.14285714285714285,0.340153452685422
GMC,SAFARI PASSENGER AWD,VAN - PASSENGER,4.3,6,17.4,359,True,False,False,False,False,False,False,False,True,False,0.5841121495327103,0.4714285714285714,0.6521739130434783
DODGE,RAM 1500,PICKUP TRUCK - STANDARD,5.9,8,21.5,416,True,False,False,False,False,False,False,False,True,False,0.7757009345794393,0.7000000000000001,0.7979539641943734
MAZDA,B4000 4X4,PICKUP TRUCK - STANDARD,4.0,6,16.5,343,False,False,False,False,True,False,False,False,True,False,0.5420560747663552,0.42857142857142855,0.6112531969309463
MERCEDES-BENZ,C 43 AMG,COMPACT,4.3,8,14.7,304,False,True,False,False,False,False,False,False,False,True,0.45794392523364486,0.4714285714285714,0.5115089514066496
CHRYSLER,TOWN & COUNTRY AWD,MINIVAN,3.8,6,16.2,320,True,False,False,False,False,False,False,False,True,False,0.5280373831775701,0.39999999999999997,0.5524296675191815
LAND ROVER,RANGE ROVER 4X4,SUV,4.6,8,22.1,458,True,False,False,False,False,False,False,False,False,True,0.8037383177570095,0.5142857142857142,0.9053708439897699
SUZUKI,ESTEEM,SUBCOMPACT,1.6,4,9.9,205,True,False,False,False,False,False,False,False,True,False,0.23364485981308414,0.08571428571428573,0.25831202046035806
FORD,E250 VAN,VAN - CARGO,4.2,6,19.1,391,True,False,False,False,False,False,False,False,True,False,0.663551401869159,0.4571428571428572,0.7340153452685422
PONTIAC,SUNFIRE,SUBCOMPACT,2.2,4,11.8,242,False,False,False,False,False,False,False,False,True,False,0.3224299065420561,0.17142857142857146,0.35294117647058826
SATURN,SL,COMPACT,1.9,4,9.3,184,False,False,False,False,True,False,False,False,True,False,0.20560747663551404,0.12857142857142856,0.20460358056265984
CHEVROLET,IMPALA,FULL-SIZE,3.4,6,13.6,260,True,False,False,False,False,False,False,False,True,False,0.40654205607476634,0.34285714285714286,0.3989769820971867
PORSCHE,BOXSTER,TWO-SEATER,2.7,6,15.0,297,False,False,False,False,True,False,False,False,False,True,0.4719626168224299,0.24285714285714288,0.4936061381074169
CHEVROLET,ASTRO PASSENGER,VAN - PASSENGER,4.3,6,17.7,368,True,False,False,False,False,False,False,False,True,False,0.5981308411214953,0.4714285714285714,0.6751918158567775
SAAB,9-5 TURBO,FULL-SIZE,2.3,4,13.9,276,True,False,False,False,False,False,False,False,True,False,0.42056074766355145,0.1857142857142857,0.4398976982097187
VOLKSWAGEN,PASSAT WAGON,STATION WAGON - MID-SIZE,1.8,4,11.2,225,False,False,False,False,True,False,False,False,False,True,0.29439252336448596,0.1142857142857143,0.309462915601023
CHEVROLET,NEW C1500 TAHOE,SUV,5.3,8,18.9,391,True,False,False,False,False,False,False,False,True,False,0.6542056074766355,0.6142857142857142,0.7340153452685422
NISSAN,XTERRA V6,SUV,3.3,6,16.5,343,True,False,False,False,False,False,False,False,True,False,0.5420560747663552,0.32857142857142857,0.6112531969309463
PONTIAC,SUNFIRE,SUBCOMPACT,2.2,4,11.6,232,True,False,False,False,False,False,False,False,True,False,0.3130841121495327,0.17142857142857146,0.3273657289002558
VOLKSWAGEN,JETTA,COMPACT,2.8,6,14.2,283,True,False,False,False,False,False,False,False,True,False,0.43457943925233644,0.2571428571428571,0.4578005115089514
DODGE,VIPER GTS,SUBCOMPACT,8.0,10,21.4,396,False,False,False,False,False,True,False,False,False,True,0.7710280373831776,1.0,0.7468030690537084
TOYOTA,TUNDRA 4X4,PICKUP TRUCK - STANDARD,3.4,6,17.2,368,True,False,False,False,False,False,False,False,True,False,0.5747663551401869,0.34285714285714286,0.6751918158567775
PORSCHE,BOXSTER,TWO-SEATER,2.7,6,15.3,301,False,False,False,True,False,False,False,False,False,True,0.485981308411215,0.24285714285714288,0.5038363171355499
SUZUKI,ESTEEM,SUBCOMPACT,1.6,4,8.8,182,False,False,False,False,True,False,False,False,True,False,0.18224299065420563,0.08571428571428573,0.19948849104859334
VOLKSWAGEN,JETTA,COMPACT,2.8,6,13.6,267,False,False,False,False,True,False,False,False,True,False,0.40654205607476634,0.2571428571428571,0.41687979539641945
ACURA,NSX,SUBCOMPACT,3.2,6,15.4,306,False,False,False,False,False,True,False,False,False,True,0.4906542056074767,0.31428571428571433,0.5166240409207161
NISSAN,FRONTIER 4X4,PICKUP TRUCK - STANDARD,2.4,4,14.9,313,False,False,False,False,True,False,False,False,True,False,0.4672897196261683,0.19999999999999998,0.5345268542199488
BMW,323i,COMPACT,2.5,6,13.0,258,False,False,False,False,True,False,False,False,False,True,0.37850467289719625,0.21428571428571427,0.3938618925831202
CHRYSLER,INTREPID,FULL-SIZE,2.7,6,13.2,260,True,False,False,False,False,False,False,False,True,False,0.3878504672897196,0.24285714285714288,0.3989769820971867
FORD,FOCUS SEDAN,COMPACT,2.0,4,10.8,216,False,False,False,False,True,False,False,False,True,False,0.2757009345794393,0.14285714285714285,0.2864450127877238
GMC,K1500 YUKON 4X4,SUV,4.8,8,18.7,391,True,False,False,False,False,False,False,False,True,False,0.6448598130841121,0.5428571428571428,0.7340153452685422
NISSAN,PATHFINDER 4X4,SUV,3.3,6,17.3,361,True,False,False,False,False,False,False,False,True,False,0.5794392523364487,0.32857142857142857,0.6572890025575447
VOLKSWAGEN,GOLF,COMPACT,1.8,4,12.1,248,True,False,False,False,False,False,False,False,False,True,0.3364485981308411,0.1142857142857143,0.36828644501278773
JEEP,GRAND CHEROKEE 4X4,SUV,4.7,8,18.0,363,True,False,False,False,False,False,False,False,True,False,0.6121495327102804,0.5285714285714286,0.6624040920716112
BMW,Z8,TWO-SEATER,4.9,8,19.3,380,False,False,False,False,False,True,False,False,False,True,0.6728971962616823,0.5571428571428572,0.7058823529411765
CHEVROLET,LUMINA/MONTE CARLO,MID-SIZE,3.4,6,13.6,260,True,False,False,False,False,False,False,False,True,False,0.40654205607476634,0.34285714285714286,0.3989769820971867
MAZDA,PROTEGE,COMPACT,1.6,4,9.8,207,False,False,False,False,True,False,False,False,True,False,0.22897196261682246,0.08571428571428573,0.26342710997442453
MERCEDES-BENZ,E 320 4MATIC,MID-SIZE,3.2,6,13.1,262,False,True,False,False,False,False,False,False,False,True,0.38317757009345793,0.31428571428571433,0.4040920716112532
VOLVO,C70 CONVERTIBLE TURBO,SUBCOMPACT,2.3,5,13.4,269,False,False,False,False,True,False,False,False,False,True,0.39719626168224303,0.1857142857142857,0.4219948849104859
FORD,RANGER,PICKUP TRUCK - STANDARD,3.0,6,15.7,315,True,False,False,False,False,False,False,False,True,False,0.5046728971962616,0.2857142857142857,0.5396419437340153
SUZUKI,SWIFT,SUBCOMPACT,1.3,4,9.1,191,False,False,False,False,False,False,False,False,True,False,0.19626168224299062,0.042857142857142864,0.22250639386189258
GMC,JIMMY 4X4,SUV,4.3,6,18.7,386,False,False,False,False,True,False,False,False,True,False,0.6448598130841121,0.4714285714285714,0.7212276214833759
CHRYSLER,SEBRING CONVERTIBLE,COMPACT,2.5,6,14.7,288,False,False,True,False,False,False,False,False,True,False,0.45794392523364486,0.21428571428571427,0.47058823529411764
FORD,RANGER 4X4,PICKUP TRUCK - STANDARD,3.0,6,16.4,336,True,False,False,False,False,False,False,False,True,False,0.5373831775700935,0.2857142857142857,0.5933503836317136
TOYOTA,CELICA,SUBCOMPACT,1.8,4,10.1,205,True,False,False,False,False,False,False,False,True,False,0.24299065420560745,0.1142857142857143,0.25831202046035806
JAGUAR,XJ8,COMPACT,4.0,8,15.5,306,False,True,False,False,False,False,False,False,False,True,0.4953271028037383,0.42857142857142855,0.5166240409207161
TOYOTA,RAV4 SOFT TOP,SUV,2.0,4,11.3,235,True,False,False,False,False,False,False,False,True,False,0.2990654205607477,0.14285714285714285,0.3350383631713555
BMW,328Ci,COMPACT,2.8,6,13.0,258,False,False,False,False,True,False,False,False,False,True,0.37850467289719625,0.2571428571428571,0.3938618925831202
SATURN,SC,SUBCOMPACT,1.9,4,9.8,191,False,False,False,False,True,False,False,False,True,False,0.22897196261682246,0.12857142857142856,0.22250639386189258
GMC,SAFARI CARGO AWD,VAN - CARGO,4.3,6,17.0,350,True,False,False,False,False,False,False,False,True,False,0.5654205607476636,0.4714285714285714,0.629156010230179
DODGE,RAM 1500 VAN,VAN - CARGO,5.2,8,19.6,386,True,False,False,False,False,False,False,False,True,False,0.6869158878504674,0.6,0.7212276214833759
ISUZU,RODEO 4X4,SUV,3.2,6,16.6,340,True,False,False,False,False,False,False,False,True,False,0.5467289719626169,0.31428571428571433,0.6035805626598465
MERCEDES-BENZ,C 230 KOMPRESSOR #,COMPACT,2.3,4,12.5,251,False,True,False,False,False,False,False,False,False,True,0.35514018691588783,0.1857142857142857,0.37595907928388744
CHRYSLER,PT CRUISER,SUBCOMPACT,2.4,4,13.4,276,True,False,False,False,False,False,False,False,True,False,0.39719626168224303,0.19999999999999998,0.4398976982097187
VOLKSWAGEN,GOLF TDI DIESEL,COMPACT,1.9,4,6.7,165,False,False,False,False,True,False,False,False,False,False,0.08411214953271028,0.12857142857142856,0.15601023017902813
NISSAN,MAXIMA,MID-SIZE,3.0,6,12.3,253,False,False,False,False,True,False,False,False,True,False,0.3457943925233645,0.2857142857142857,0.38107416879795397
TOYOTA,TUNDRA,PICKUP TRUCK - STANDARD,3.4,6,15.7,331,True,False,False,False,False,False,False,False,True,False,0.5046728971962616,0.34285714285714286,0.5805626598465473
CHRYSLER,PT CRUISER,SUBCOMPACT,2.4,4,13.2,269,False,False,False,False,True,False,False,False,True,False,0.3878504672897196,0.19999999999999998,0.4219948849104859
SAAB,9-3 TURBO,MID-SIZE,2.0,4,13.4,274,True,False,False,False,False,False,False,False,True,False,0.39719626168224303,0.14285714285714285,0.43478260869565216
ISUZU,HOMBRE,PICKUP TRUCK - SMALL,2.2,4,12.2,246,False,False,False,False,True,False,False,False,True,False,0.3411214953271028,0.17142857142857146,0.3631713554987212
HONDA,CIVIC CX/DX/LX/EX,SUBCOMPACT,1.6,4,8.8,184,False,False,False,False,True,False,False,False,True,False,0.18224299065420563,0.08571428571428573,0.20460358056265984
OLDSMOBILE,ALERO,COMPACT,2.4,4,12.5,244,False,False,False,False,True,False,False,False,True,False,0.35514018691588783,0.19999999999999998,0.35805626598465473
CHEVROLET,S10,PICKUP TRUCK - SMALL,2.2,4,12.2,246,False,False,False,False,True,False,False,False,True,False,0.3411214953271028,0.17142857142857146,0.3631713554987212
SUZUKI,VITARA CONVERTIBLE 4X4,SUV,2.0,4,11.7,253,True,False,False,False,False,False,False,False,True,False,0.3177570093457944,0.14285714285714285,0.38107416879795397
CHEVROLET,CORVETTE,SUBCOMPACT,5.7,8,14.4,278,False,False,False,False,False,True,False,False,False,True,0.44392523364485986,0.6714285714285715,0.44501278772378516
CHRYSLER,LHS,FULL-SIZE,3.5,6,14.7,288,True,False,False,False,False,False,False,False,True,False,0.45794392523364486,0.35714285714285715,0.47058823529411764
FORD,EXPLORER OHV 4X4,SUV,4.0,6,17.3,352,False,True,False,False,False,False,False,False,True,False,0.5794392523364487,0.42857142857142855,0.6342710997442456
MAZDA,626,MID-SIZE,2.0,4,12.7,258,True,False,False,False,False,False,False,False,True,False,0.3644859813084112,0.14285714285714285,0.3938618925831202
VOLVO,S70 GLT TURBO,MID-SIZE,2.4,5,13.6,274,True,False,False,False,False,False,False,False,False,True,0.40654205607476634,0.19999999999999998,0.43478260869565216
CHEVROLET,G15/G25 CHEVY VAN,VAN - CARGO,4.3,6,17.8,368,True,False,False,False,False,False,False,False,True,False,0.602803738317757,0.4714285714285714,0.6751918158567775
JEEP,TJ 4X4,SUV,4.0,6,17.3,368,False,False,False,False,False,False,False,False,True,False,0.5794392523364487,0.42857142857142855,0.6751918158567775
HONDA,CIVIC CX/DX/LX/EX,SUBCOMPACT,1.6,4,10.0,202,True,False,False,False,False,False,False,False,True,False,0.2383177570093458,0.08571428571428573,0.2506393861892583
GMC,C1500 SIERRA,PICKUP TRUCK - STANDARD,4.3,6,18.5,384,False,False,False,False,True,False,False,False,True,False,0.6355140186915889,0.4714285714285714,0.7161125319693095
GMC,G1500/G2500 SAVANA PASSENGER,VAN - PASSENGER,5.7,8,20.6,426,True,False,False,False,False,False,False,False,True,False,0.7336448598130842,0.6714285714285715,0.8235294117647058
FORD,FOCUS WAGON,STATION WAGON - MID-SIZE,2.0,4,10.6,219,True,False,False,False,False,False,False,False,True,False,0.26635514018691586,0.14285714285714285,0.29411764705882354
MAZDA,B4000,PICKUP TRUCK - STANDARD,4.0,6,17.1,357,False,True,False,False,False,False,False,False,True,False,0.5700934579439253,0.42857142857142855,0.6470588235294118
CHEVROLET,S10,PICKUP TRUCK - SMALL,2.2,4,13.8,278,True,False,False,False,False,False,False,False,True,False,0.41588785046728977,0.17142857142857146,0.44501278772378516
DODGE,GRAND CARAVAN,MINIVAN,3.8,6,15.2,304,True,False,False,False,False,False,False,False,True,False,0.48130841121495327,0.39999999999999997,0.5115089514066496
DODGE,RAM 2500 VAN,VAN - CARGO,5.2,8,20.0,393,True,False,False,False,False,False,False,False,True,False,0.705607476635514,0.6,0.7391304347826086
HONDA,CIVIC COUPE SiR,SUBCOMPACT,1.6,4,10.9,223,False,False,False,False,True,False,False,False,False,True,0.28037383177570097,0.08571428571428573,0.30434782608695654
FORD,F150,PICKUP TRUCK - STANDARD,5.4,8,17.9,363,True,False,False,False,False,False,False,False,True,False,0.6074766355140186,0.6285714285714287,0.6624040920716112
MERCEDES-BENZ,C 280,COMPACT,2.8,6,12.7,258,False,True,False,False,False,False,False,False,False,True,0.3644859813084112,0.2571428571428571,0.3938618925831202
PORSCHE,BOXSTER S,TWO-SEATER,3.2,6,15.9,311,False,False,False,True,False,False,False,False,False,True,0.5140186915887851,0.31428571428571433,0.5294117647058824
VOLKSWAGEN,NEW BEETLE TDI DIESEL,SUBCOMPACT,1.9,4,6.7,165,False,False,False,False,True,False,False,False,False,False,0.08411214953271028,0.12857142857142856,0.15601023017902813
SUZUKI,ESTEEM WAGON,STATION WAGON - SMALL,1.8,4,9.6,196,False,False,False,False,True,False,False,False,True,False,0.21962616822429903,0.1142857142857143,0.23529411764705882
PONTIAC,SUNFIRE,SUBCOMPACT,2.2,4,12.2,235,False,False,False,False,True,False,False,False,True,False,0.3411214953271028,0.17142857142857146,0.3350383631713555
VOLKSWAGEN,NEW BEETLE,SUBCOMPACT,1.8,4,11.9,248,True,False,False,False,False,False,False,False,False,True,0.3271028037383178,0.1142857142857143,0.36828644501278773
NISSAN,XTERRA V6 4X4,SUV,3.3,6,17.3,361,True,False,False,False,False,False,False,False,True,False,0.5794392523364487,0.32857142857142857,0.6572890025575447
CHEVROLET,S10,PICKUP TRUCK - SMALL,4.3,6,16.1,322,False,False,False,False,True,False,False,False,True,False,0.5233644859813085,0.4714285714285714,0.5575447570332481
MAZDA,B4000 4X4,PICKUP TRUCK - STANDARD,4.0,6,17.2,354,False,True,False,False,False,False,False,False,True,False,0.5747663551401869,0.42857142857142855,0.639386189258312
TOYOTA,CAMRY SOLARA,COMPACT,2.2,4,11.8,239,True,False,False,False,False,False,False,False,True,False,0.3224299065420561,0.17142857142857146,0.3452685421994885
PORSCHE,911 CARRERA,MINICOMPACT,3.4,6,16.0,308,False,False,False,True,False,False,False,False,False,True,0.5186915887850467,0.34285714285714286,0.5217391304347826
FORD,E150 VAN,VAN - CARGO,4.2,6,19.0,389,True,False,False,False,False,False,False,False,True,False,0.6588785046728972,0.4571428571428572,0.7289002557544757
HYUNDAI,TIBURON,SUBCOMPACT,2.0,4,11.4,228,False,False,False,False,True,False,False,False,True,False,0.3037383177570094,0.14285714285714285,0.3171355498721228
BMW,M5,COMPACT,4.9,8,19.6,375,False,False,False,False,False,True,False,False,False,True,0.6869158878504674,0.5571428571428572,0.6930946291560103
FORD,CROWN VICTORIA,FULL-SIZE,4.6,8,15.1,299,True,False,False,False,False,False,False,False,True,False,0.4766355140186916,0.5142857142857142,0.49872122762148335
CHEVROLET,TRACKER 4X4,SUV,2.0,4,11.9,255,False,False,False,False,True,False,False,False,True,False,0.3271028037383178,0.14285714285714285,0.38618925831202044
TOYOTA,TUNDRA,PICKUP TRUCK - STANDARD,4.7,8,17.3,363,True,False,False,False,False,False,False,False,True,False,0.5794392523364487,0.5285714285714286,0.6624040920716112
VOLVO,V70,STATION WAGON - MID-SIZE,2.4,5,13.2,262,False,True,False,False,False,False,False,False,False,True,0.3878504672897196,0.19999999999999998,0.4040920716112532
DODGE,GRAND CARAVAN AWD,MINIVAN,3.8,6,16.4,324,False,False,True,False,False,False,False,False,True,False,0.5373831775700935,0.39999999999999997,0.5626598465473146
TOYOTA,TUNDRA 4X4,PICKUP TRUCK - STANDARD,4.7,8,18.2,382,True,False,False,False,False,False,False,False,True,False,0.6214953271028038,0.5285714285714286,0.710997442455243
NISSAN,FRONTIER,PICKUP TRUCK - STANDARD,2.4,4,12.1,255,False,False,False,False,True,False,False,False,True,False,0.3364485981308411,0.19999999999999998,0.38618925831202044
SUZUKI,GRAND VITARA 4X4,SUV,2.5,6,13.8,294,False,False,False,False,True,False,False,False,True,False,0.41588785046728977,0.21428571428571427,0.4859335038363171
CHEVROLET,G1500/G2500 CHEVY EXPRESS,VAN - PASSENGER,4.3,6,18.3,380,True,False,False,False,False,False,False,False,True,False,0.6261682242990655,0.4714285714285714,0.7058823529411765
PONTIAC,FIREFLY,SUBCOMPACT,1.3,4,7.6,156,False,False,False,False,True,False,False,False,True,False,0.1261682242990654,0.042857142857142864,0.1329923273657289
LEXUS,RX 300,SUV,3.0,6,14.2,292,True,False,False,False,False,False,False,False,True,False,0.43457943925233644,0.2857142857142857,0.48081841432225064
VOLVO,C70 CONVERTIBLE TURBO,SUBCOMPACT,2.3,5,14.2,285,True,False,False,False,False,False,False,False,False,True,0.43457943925233644,0.1857142857142857,0.4629156010230179
GMC,JIMMY,SUV,4.3,6,16.2,336,True,False,False,False,False,False,False,False,True,False,0.5280373831775701,0.4714285714285714,0.5933503836317136
FORD,RANGER 4X4,PICKUP TRUCK - STANDARD,3.0,6,15.5,320,False,False,False,False,True,False,False,False,True,False,0.4953271028037383,0.2857142857142857,0.5524296675191815
BMW,M COUPE,TWO-SEATER,3.2,6,13.9,281,False,False,False,False,True,False,False,False,False,True,0.42056074766355145,0.31428571428571433,0.45268542199488493
NISSAN,FRONTIER V6,PICKUP TRUCK - STANDARD,3.3,6,16.8,350,True,False,False,False,False,False,False,False,True,False,0.5560747663551402,0.32857142857142857,0.629156010230179
TOYOTA,CELICA,SUBCOMPACT,1.8,4,10.0,209,False,False,False,False,True,False,False,False,True,False,0.2383177570093458,0.1142857142857143,0.26854219948849106
CHEVROLET,LUMINA/MONTE CARLO,MID-SIZE,3.8,6,13.5,262,True,False,False,False,False,False,False,False,True,False,0.40186915887850466,0.39999999999999997,0.4040920716112532
DODGE,DURANGO 4X4,SUV,5.9,8,22.3,444,True,False,False,False,False,False,False,False,True,False,0.8130841121495327,0.7000000000000001,0.8695652173913043
VOLVO,C70 CONVERTIBLE TURBO,SUBCOMPACT,2.4,5,13.9,278,True,False,False,False,False,False,False,False,False,True,0.42056074766355145,0.19999999999999998,0.44501278772378516
TOYOTA,CAMRY SOLARA CONVERTIBLE,SUBCOMPACT,3.0,6,14.0,278,True,False,False,False,False,False,False,False,True,False,0.4252336448598131,0.2857142857142857,0.44501278772378516
SUBARU,IMPREZA WAGON AWD,STATION WAGON - SMALL,2.2,4,11.8,242,False,False,False,False,True,False,False,False,True,False,0.3224299065420561,0.17142857142857146,0.35294117647058826
SUBARU,FORESTER AWD,SUV,2.5,4,12.5,248,False,False,False,False,True,False,False,False,True,False,0.35514018691588783,0.21428571428571427,0.36828644501278773
KIA,SEPHIA,COMPACT,1.8,4,11.7,235,True,False,False,False,False,False,False,False,True,False,0.3177570093457944,0.1142857142857143,0.3350383631713555
GMC,SONOMA 4X4,PICKUP TRUCK - STANDARD,4.3,6,16.8,345,True,False,False,False,False,False,False,False,True,False,0.5560747663551402,0.4714285714285714,0.6163682864450127
PONTIAC,BONNEVILLE #,FULL-SIZE,3.8,6,15.1,290,True,False,False,False,False,False,False,False,False,True,0.4766355140186916,0.39999999999999997,0.47570332480818417
CHRYSLER,TOWN & COUNTRY,MINIVAN,3.8,6,15.2,304,True,False,False,False,False,False,False,False,True,False,0.48130841121495327,0.39999999999999997,0.5115089514066496
DODGE,DAKOTA,PICKUP TRUCK - STANDARD,4.7,8,18.3,363,False,False,False,False,True,False,False,False,True,False,0.6261682242990655,0.5285714285714286,0.6624040920716112
FORD,EXPEDITION 4X4,SUV,5.4,8,21.1,426,True,False,False,False,False,False,False,False,True,False,0.7570093457943927,0.6285714285714287,0.8235294117647058
GMC,SAFARI CARGO,VAN - CARGO,4.3,6,16.2,336,True,False,False,False,False,False,False,False,True,False,0.5280373831775701,0.4714285714285714,0.5933503836317136
SATURN,LS,MID-SIZE,2.2,4,11.9,239,True,False,False,False,False,False,False,False,True,False,0.3271028037383178,0.17142857142857146,0.3452685421994885
DODGE,CARAVAN,MINIVAN,3.3,6,14.5,288,True,False,False,False,False,False,False,False,True,False,0.4485981308411215,0.32857142857142857,0.47058823529411764
HONDA,ACCORD DX,MID-SIZE,2.3,4,12.2,246,True,False,False,False,False,False,False,False,True,False,0.3411214953271028,0.1857142857142857,0.3631713554987212
CHRYSLER,CIRRUS,MID-SIZE,2.5,6,13.6,269,True,False,False,False,False,False,False,False,True,False,0.40654205607476634,0.21428571428571427,0.4219948849104859
MAZDA,PROTEGE,COMPACT,1.6,4,10.6,221,True,False,False,False,False,False,False,False,True,False,0.26635514018691586,0.08571428571428573,0.29923273657289
TOYOTA,SIENNA,MINIVAN,3.0,6,14.3,288,True,False,False,False,False,False,False,False,True,False,0.4392523364485982,0.2857142857142857,0.47058823529411764
DODGE,RAM 1500 VAN,VAN - CARGO,3.9,6,17.6,377,False,False,False,False,False,False,False,False,True,False,0.5934579439252338,0.41428571428571426,0.6982097186700768
JAGUAR,VANDEN PLAS SUPERCHARGED,MID-SIZE,4.0,8,16.6,331,False,True,False,False,False,False,False,False,False,True,0.5467289719626169,0.42857142857142855,0.5805626598465473
FORD,MUSTANG,SUBCOMPACT,3.8,6,13.6,267,False,False,False,False,True,False,False,False,True,False,0.40654205607476634,0.39999999999999997,0.41687979539641945
FORD,EXPEDITION 4X4,SUV,4.6,8,19.3,391,True,False,False,False,False,False,False,False,True,False,0.6728971962616823,0.5142857142857142,0.7340153452685422
SUBARU,LEGACY AWD,COMPACT,2.5,4,12.5,253,False,False,False,False,True,False,False,False,True,False,0.35514018691588783,0.21428571428571427,0.38107416879795397
CHEVROLET,METRO,SUBCOMPACT,1.3,4,9.1,191,False,False,False,False,False,False,False,False,True,False,0.19626168224299062,0.042857142857142864,0.22250639386189258
CHEVROLET,NEW K1500 TAHOE 4X4,SUV,4.8,8,18.7,391,True,False,False,False,False,False,False,False,True,False,0.6448598130841121,0.5428571428571428,0.7340153452685422
SATURN,SC #,SUBCOMPACT,1.9,4,10.3,202,False,False,False,False,True,False,False,False,True,False,0.25233644859813087,0.12857142857142856,0.2506393861892583
GMC,C1500 SIERRA,PICKUP TRUCK - STANDARD,5.3,8,16.7,343,True,False,False,False,False,False,False,False,True,False,0.5514018691588785,0.6142857142857142,0.6112531969309463
KIA,SPORTAGE 4X4,SUV,2.0,4,12.8,288,False,False,False,False,True,False,False,False,True,False,0.36915887850467294,0.14285714285714285,0.47058823529411764
LEXUS,LS 400,MID-SIZE,4.0,8,14.3,285,False,True,False,False,False,False,False,False,False,True,0.4392523364485982,0.42857142857142855,0.4629156010230179
FORD,E150 VAN,VAN - CARGO,4.6,8,17.8,359,True,False,False,False,False,False,False,False,True,False,0.602803738317757,0.5142857142857142,0.6521739130434783
VOLKSWAGEN,NEW BEETLE,SUBCOMPACT,1.8,4,10.6,223,False,False,False,False,True,False,False,False,False,True,0.26635514018691586,0.1142857142857143,0.30434782608695654
SUBARU,IMPREZA AWD,SUBCOMPACT,2.5,4,11.8,244,True,False,False,False,False,False,False,False,True,False,0.3224299065420561,0.21428571428571427,0.35805626598465473
PONTIAC,GRAND AM,COMPACT,3.4,6,13.6,262,True,False,False,False,False,False,False,False,True,False,0.40654205607476634,0.34285714285714286,0.4040920716112532
ISUZU,HOMBRE,PICKUP TRUCK - SMALL,2.2,4,13.8,278,True,False,False,False,False,False,False,False,True,False,0.41588785046728977,0.17142857142857146,0.44501278772378516
SUZUKI,ESTEEM WAGON,STATION WAGON - SMALL,1.8,4,10.3,209,True,False,False,False,False,False,False,False,True,False,0.25233644859813087,0.1142857142857143,0.26854219948849106
CHEVROLET,S10 4X4,PICKUP TRUCK - STANDARD,4.3,6,16.3,329,False,False,False,False,True,False,False,False,True,False,0.5327102803738318,0.4714285714285714,0.5754475703324808
VOLVO,S70 T5 TURBO,MID-SIZE,2.3,5,13.9,274,True,False,False,False,False,False,False,False,False,True,0.42056074766355145,0.1857142857142857,0.43478260869565216
NISSAN,MAXIMA,MID-SIZE,3.0,6,13.4,265,True,False,False,False,False,False,False,False,True,False,0.39719626168224303,0.2857142857142857,0.4117647058823529
GMC,C1500 YUKON XL,SUV,5.3,8,18.9,391,True,False,False,False,False,False,False,False,True,False,0.6542056074766355,0.6142857142857142,0.7340153452685422
VOLKSWAGEN,GOLF,COMPACT,2.0,4,11.2,228,False,False,False,False,True,False,False,False,True,False,0.29439252336448596,0.14285714285714285,0.3171355498721228
BMW,528i TOURING,STATION WAGON - SMALL,2.8,6,14.6,288,True,False,False,False,False,False,False,False,False,True,0.4532710280373832,0.2571428571428571,0.47058823529411764
CHEVROLET,K1500 SILVERADO 4X4,PICKUP TRUCK - STANDARD,4.8,8,17.3,366,True,False,False,False,False,False,False,False,True,False,0.5794392523364487,0.5428571428571428,0.670076726342711
TOYOTA,4RUNNER 4X4,SUV,2.7,4,14.2,301,True,False,False,False,False,False,False,False,True,False,0.43457943925233644,0.24285714285714288,0.5038363171355499
CHEVROLET,C2500 SILVERADO,PICKUP TRUCK - STANDARD,6.0,8,21.4,435,True,False,False,False,False,False,False,False,True,False,0.7710280373831776,0.7142857142857143,0.8465473145780051
FORD,F150,PICKUP TRUCK - STANDARD,4.2,6,16.7,340,True,False,False,False,False,False,False,False,True,False,0.5514018691588785,0.4571428571428572,0.6035805626598465
DAEWOO,NUBIRA,COMPACT,2.0,4,12.0,239,True,False,False,False,False,False,False,False,True,False,0.3317757009345794,0.14285714285714285,0.3452685421994885
BMW,323i,COMPACT,2.5,6,13.8,271,False,True,False,False,False,False,False,False,False,True,0.41588785046728977,0.21428571428571427,0.42710997442455245
DODGE,DAKOTA,PICKUP TRUCK - STANDARD,4.7,8,17.6,357,True,False,False,False,False,False,False,False,True,False,0.5934579439252338,0.5285714285714286,0.6470588235294118
TOYOTA,4RUNNER 4X4,SUV,3.4,6,15.7,334,True,False,False,False,False,False,False,False,True,False,0.5046728971962616,0.34285714285714286,0.5882352941176471
SUZUKI,SWIFT,SUBCOMPACT,1.3,4,7.6,156,False,False,False,False,True,False,False,False,True,False,0.1261682242990654,0.042857142857142864,0.1329923273657289
VOLKSWAGEN,JETTA,COMPACT,2.0,4,11.2,228,False,False,False,False,True,False,False,False,True,False,0.29439252336448596,0.14285714285714285,0.3171355498721228
CHEVROLET,CORVETTE,SUBCOMPACT,5.7,8,15.5,308,True,False,False,False,False,False,False,False,False,True,0.4953271028037383,0.6714285714285715,0.5217391304347826
FORD,EXPLORER SOHC,SUV,4.0,6,16.5,336,False,True,False,False,False,False,False,False,True,False,0.5420560747663552,0.42857142857142855,0.5933503836317136
PLYMOUTH,PROWLER,SUBCOMPACT,3.5,6,15.4,308,False,False,True,False,False,False,False,False,False,True,0.4906542056074767,0.35714285714285715,0.5217391304347826
TOYOTA,TACOMA 4X4,PICKUP TRUCK - STANDARD,2.7,4,14.2,301,True,False,False,False,False,False,False,False,True,False,0.43457943925233644,0.24285714285714288,0.5038363171355499
DODGE,RAM 2500 WAGON,VAN - PASSENGER,5.9,8,21.8,423,True,False,False,False,False,False,False,False,True,False,0.7897196261682243,0.7000000000000001,0.8158567774936062
LINCOLN,NAVIGATOR 4X4,SUV,5.4,8,21.4,430,True,False,False,False,False,False,False,False,False,True,0.7710280373831776,0.6285714285714287,0.8337595907928389
MAZDA,626,MID-SIZE,2.5,6,13.3,271,False,False,False,False,True,False,False,False,False,True,0.39252336448598135,0.21428571428571427,0.42710997442455245
SUZUKI,VITARA 4X4,SUV,2.0,4,11.7,251,True,False,False,False,False,False,False,False,True,False,0.3177570093457944,0.14285714285714285,0.37595907928388744
FORD,COUGAR,COMPACT,2.5,6,13.1,260,True,False,False,False,False,False,False,False,True,False,0.38317757009345793,0.21428571428571427,0.3989769820971867
ACURA,INTEGRA,SUBCOMPACT,1.8,4,11.4,230,True,False,False,False,False,False,False,False,True,False,0.3037383177570094,0.1142857142857143,0.32225063938618925
VOLKSWAGEN,JETTA TDI DIESEL,COMPACT,1.9,4,6.7,165,False,False,False,False,True,False,False,False,False,False,0.08411214953271028,0.12857142857142856,0.15601023017902813
CHEVROLET,G15/G25 CHEVY VAN,VAN - CARGO,5.0,8,18.2,373,True,False,False,False,False,False,False,False,True,False,0.6214953271028038,0.5714285714285714,0.6879795396419437
MAZDA,MPV,MINIVAN,2.5,6,15.2,313,True,False,False,False,False,False,False,False,True,False,0.48130841121495327,0.21428571428571427,0.5345268542199488
SATURN,LW WAGON,STATION WAGON - MID-SIZE,2.2,4,12.1,244,True,False,False,False,False,False,False,False,True,False,0.3364485981308411,0.17142857142857146,0.35805626598465473
BMW,540i TOURING,STATION WAGON - SMALL,4.4,8,15.5,320,False,True,False,False,False,False,False,False,False,True,0.4953271028037383,0.48571428571428577,0.5524296675191815
BMW,323 CONVERTIBLE,COMPACT,2.5,6,13.9,281,False,False,False,False,True,False,False,False,False,True,0.42056074766355145,0.21428571428571427,0.45268542199488493
DODGE,RAM 1500 WAGON,VAN - PASSENGER,3.9,6,18.3,393,False,False,False,False,False,False,False,False,True,False,0.6261682242990655,0.41428571428571426,0.7391304347826086
CHRYSLER,300M,FULL-SIZE,3.5,6,14.4,283,False,False,True,False,False,False,False,False,True,False,0.44392523364485986,0.35714285714285715,0.4578005115089514
AUDI,TT COUPE QUATTRO,MINICOMPACT,1.8,4,13.1,260,False,False,False,False,True,False,False,False,False,True,0.38317757009345793,0.1142857142857143,0.3989769820971867
TOYOTA,ECHO,COMPACT,1.5,4,8.6,179,True,False,False,False,False,False,False,False,True,False,0.17289719626168223,0.07142857142857142,0.1918158567774936
FORD,EXPEDITION,SUV,4.6,8,17.8,359,True,False,False,False,False,False,False,False,True,False,0.602803738317757,0.5142857142857142,0.6521739130434783
PORSCHE,BOXSTER S,TWO-SEATER,3.2,6,15.0,294,False,False,False,False,False,True,False,False,False,True,0.4719626168224299,0.31428571428571433,0.4859335038363171
LAND ROVER,DISCOVERY SERIES II 4X4,SUV,4.0,8,19.6,403,True,False,False,False,False,False,False,False,False,True,0.6869158878504674,0.42857142857142855,0.7647058823529411
GMC,G15/G25 SAVANA CARGO,VAN - CARGO,4.3,6,17.8,368,True,False,False,False,False,False,False,False,True,False,0.602803738317757,0.4714285714285714,0.6751918158567775
MERCEDES-BENZ,CLK 320 CABRIOLET,MINICOMPACT,3.2,6,13.6,269,False,True,False,False,False,False,False,False,False,True,0.40654205607476634,0.31428571428571433,0.4219948849104859
LINCOLN,LS,MID-SIZE,3.9,8,15.9,313,False,True,False,False,False,False,False,False,True,False,0.5140186915887851,0.41428571428571426,0.5345268542199488
SAAB,9-5 WAGON TURBO,STATION WAGON - MID-SIZE,3.0,6,14.3,283,True,False,False,False,False,False,False,False,True,False,0.4392523364485982,0.2857142857142857,0.4578005115089514
CHRYSLER,CONCORDE,FULL-SIZE,3.2,6,14.2,276,True,False,False,False,False,False,False,False,True,False,0.43457943925233644,0.31428571428571433,0.4398976982097187
BUICK,PARK AVENUE,FULL-SIZE,3.8,6,14.4,276,True,False,False,False,False,False,False,False,True,False,0.44392523364485986,0.39999999999999997,0.4398976982097187
PONTIAC,GRAND AM,COMPACT,2.4,4,12.5,244,False,False,False,False,True,False,False,False,True,False,0.35514018691588783,0.19999999999999998,0.35805626598465473
CHEVROLET,TRACKER 4X4,SUV,2.0,4,11.7,251,True,False,False,False,False,False,False,False,True,False,0.3177570093457944,0.14285714285714285,0.37595907928388744
VOLVO,C70 TURBO,COMPACT,2.3,5,13.9,274,True,False,False,False,False,False,False,False,False,True,0.42056074766355145,0.1857142857142857,0.43478260869565216
SUBARU,IMPREZA WAGON AWD,STATION WAGON - SMALL,2.2,4,11.7,239,True,False,False,False,False,False,False,False,True,False,0.3177570093457944,0.17142857142857146,0.3452685421994885
BUICK,REGAL,MID-SIZE,3.8,6,13.5,262,True,False,False,False,False,False,False,False,True,False,0.40186915887850466,0.39999999999999997,0.4040920716112532
AUDI,A4 QUATTRO,COMPACT,1.8,4,12.1,246,False,False,False,False,True,False,False,False,False,True,0.3364485981308411,0.1142857142857143,0.3631713554987212
DAEWOO,LANOS,SUBCOMPACT,1.6,4,10.4,207,False,False,False,False,True,False,False,False,True,False,0.25700934579439255,0.08571428571428573,0.26342710997442453
BMW,328i,COMPACT,2.8,6,13.0,258,False,False,False,False,True,False,False,False,False,True,0.37850467289719625,0.2571428571428571,0.3938618925831202
SAAB,9-3 TURBO,MID-SIZE,2.3,4,13.1,258,False,False,False,False,True,False,False,False,True,False,0.38317757009345793,0.1857142857142857,0.3938618925831202
LAND ROVER,RANGE ROVER 4X4,SUV,4.0,8,19.6,403,True,False,False,False,False,False,False,False,False,True,0.6869158878504674,0.42857142857142855,0.7647058823529411
DODGE,GRAND CARAVAN FFV,MINIVAN,3.3,6,14.5,288,True,False,False,False,False,False,False,False,True,False,0.4485981308411215,0.32857142857142857,0.47058823529411764
FORD,COUGAR,COMPACT,2.0,4,11.1,219,False,False,False,False,True,False,False,False,True,False,0.2897196261682243,0.14285714285714285,0.29411764705882354
BMW,M ROADSTER,MINICOMPACT,3.2,6,13.9,281,False,False,False,False,True,False,False,False,False,True,0.42056074766355145,0.31428571428571433,0.45268542199488493
HYUNDAI,ELANTRA WAGON,STATION WAGON - SMALL,2.0,4,12.5,248,True,False,False,False,False,False,False,False,True,False,0.35514018691588783,0.14285714285714285,0.36828644501278773
GMC,JIMMY,SUV,4.3,6,16.3,327,False,False,False,False,True,False,False,False,True,False,0.5327102803738318,0.4714285714285714,0.5703324808184144
FORD,F150 4X4,PICKUP TRUCK - STANDARD,5.4,8,20.7,423,True,False,False,False,False,False,False,False,True,False,0.7383177570093458,0.6285714285714287,0.8158567774936062
PONTIAC,BONNEVILLE,FULL-SIZE,3.8,6,14.4,276,True,False,False,False,False,False,False,False,True,False,0.44392523364485986,0.39999999999999997,0.4398976982097187
OLDSMOBILE,ALERO,COMPACT,2.4,4,12.1,242,True,False,False,False,False,False,False,False,True,False,0.3364485981308411,0.19999999999999998,0.35294117647058826
VOLVO,V70 T5 TURBO,STATION WAGON - MID-SIZE,2.3,5,13.9,274,True,False,False,False,False,False,False,False,False,True,0.42056074766355145,0.1857142857142857,0.43478260869565216
FORD,RANGER 4X4,PICKUP TRUCK - STANDARD,4.0,6,16.5,340,False,False,False,False,True,False,False,False,True,False,0.5420560747663552,0.42857142857142855,0.6035805626598465
DODGE,RAM 1500 WAGON,VAN - PASSENGER,5.2,8,20.0,393,True,False,False,False,False,False,False,False,True,False,0.705607476635514,0.6,0.7391304347826086
DAEWOO,NUBIRA WAGON,STATION WAGON - SMALL,2.0,4,12.0,239,True,False,False,False,False,False,False,False,True,False,0.3317757009345794,0.14285714285714285,0.3452685421994885
TOYOTA,COROLLA,COMPACT,1.8,4,9.3,189,True,False,False,False,False,False,False,False,True,False,0.20560747663551404,0.1142857142857143,0.21739130434782608
MAZDA,B4000,PICKUP TRUCK - STANDARD,4.0,6,15.5,320,False,False,False,False,True,False,False,False,True,False,0.4953271028037383,0.42857142857142855,0.5524296675191815
PONTIAC,MONTANA,MINIVAN,3.4,6,14.0,281,True,False,False,False,False,False,False,False,True,False,0.4252336448598131,0.34285714285714286,0.45268542199488493
CHEVROLET,K1500 SILVERADO 4X4,PICKUP TRUCK - STANDARD,4.3,6,17.0,350,True,False,False,False,False,False,False,False,True,False,0.5654205607476636,0.4714285714285714,0.629156010230179
TOYOTA,RAV4 SOFT TOP 4X4,SUV,2.0,4,11.8,251,True,False,False,False,False,False,False,False,True,False,0.3224299065420561,0.14285714285714285,0.37595907928388744
LINCOLN,LS,MID-SIZE,3.0,6,15.4,304,False,True,False,False,False,False,False,False,True,False,0.4906542056074767,0.2857142857142857,0.5115089514066496
ACURA,1.6EL,COMPACT,1.6,4,9.8,205,False,False,False,False,True,False,False,False,True,False,0.22897196261682246,0.08571428571428573,0.25831202046035806
VOLKSWAGEN,GTI,COMPACT,2.8,6,13.2,260,False,False,False,False,True,False,False,False,True,False,0.3878504672897196,0.2571428571428571,0.3989769820971867
TOYOTA,RAV4 4X4,SUV,2.0,4,12.2,258,True,False,False,False,False,False,False,False,True,False,0.3411214953271028,0.14285714285714285,0.3938618925831202
CHEVROLET,C1500 SILVERADO,PICKUP TRUCK - STANDARD,4.3,6,18.5,384,False,False,False,False,True,False,False,False,True,False,0.6355140186915889,0.4714285714285714,0.7161125319693095
DODGE,RAM 2500 WAGON,VAN - PASSENGER,5.2,8,21.8,444,True,False,False,False,False,False,False,False,True,False,0.7897196261682243,0.6,0.8695652173913043
BMW,323Ci,COMPACT,2.5,6,13.0,258,False,False,False,False,True,False,False,False,False,True,0.37850467289719625,0.21428571428571427,0.3938618925831202
SATURN,SL,COMPACT,1.9,4,10.1,198,True,False,False,False,False,False,False,False,True,False,0.24299065420560745,0.12857142857142856,0.24040920716112532
MERCEDES-BENZ,E 55 AMG,MID-SIZE,5.5,8,16.0,317,False,True,False,False,False,False,False,False,False,True,0.5186915887850467,0.6428571428571429,0.5447570332480819
NISSAN,XTERRA V6 4X4,SUV,3.3,6,16.2,350,False,False,False,False,True,False,False,False,True,False,0.5280373831775701,0.32857142857142857,0.629156010230179
JEEP,CHEROKEE 4X4,SUV,4.0,6,15.4,317,False,False,False,False,True,False,False,False,True,False,0.4906542056074767,0.42857142857142855,0.5447570332480819
CHEVROLET,CAVALIER,SUBCOMPACT,2.2,4,12.2,235,False,False,False,False,True,False,False,False,True,False,0.3411214953271028,0.17142857142857146,0.3350383631713555
HYUNDAI,SONATA 2.4L,MID-SIZE,2.4,4,13.0,260,True,False,False,False,False,False,False,False,True,False,0.37850467289719625,0.19999999999999998,0.3989769820971867
TOYOTA,RAV4 SOFT TOP,SUV,2.0,4,11.2,232,False,False,False,False,True,False,False,False,True,False,0.29439252336448596,0.14285714285714285,0.3273657289002558
INFINITI,I30,MID-SIZE,3.0,6,13.4,265,True,False,False,False,False,False,False,False,True,False,0.39719626168224303,0.2857142857142857,0.4117647058823529
FORD,EXPLORER SOHC 4X4,SUV,4.0,6,16.7,343,False,True,False,False,False,False,False,False,True,False,0.5514018691588785,0.42857142857142855,0.6112531969309463
AUDI,A4 QUATTRO,COMPACT,1.8,4,13.6,267,False,True,False,False,False,False,False,False,False,True,0.40654205607476634,0.1142857142857143,0.41687979539641945
GMC,SONOMA 4X4,PICKUP TRUCK - STANDARD,4.3,6,16.3,329,False,False,False,False,True,False,False,False,True,False,0.5327102803738318,0.4714285714285714,0.5754475703324808
LEXUS,RX 300 4X4,SUV,3.0,6,14.4,299,True,False,False,False,False,False,False,False,True,False,0.44392523364485986,0.2857142857142857,0.49872122762148335
FORD,TAURUS WAGON #,STATION WAGON - MID-SIZE,3.0,6,14.0,276,True,False,False,False,False,False,False,False,True,False,0.4252336448598131,0.2857142857142857,0.4398976982097187
DODGE,CARAVAN FFV,MINIVAN,3.3,6,14.5,288,True,False,False,False,False,False,False,False,True,False,0.4485981308411215,0.32857142857142857,0.47058823529411764
VOLVO,V70,STATION WAGON - MID-SIZE,2.4,5,12.6,251,False,False,False,False,True,False,False,False,False,True,0.3598130841121495,0.19999999999999998,0.37595907928388744
PORSCHE,911 CARRERA 4,MINICOMPACT,3.4,6,16.0,313,False,False,False,True,False,False,False,False,False,True,0.5186915887850467,0.34285714285714286,0.5345268542199488
VOLVO,C70 TURBO,COMPACT,2.4,5,13.6,274,True,False,False,False,False,False,False,False,False,True,0.40654205607476634,0.19999999999999998,0.43478260869565216
SATURN,SC,SUBCOMPACT,1.9,4,10.1,200,True,False,False,False,False,False,False,False,True,False,0.24299065420560745,0.12857142857142856,0.24552429667519182
FORD,F150,PICKUP TRUCK - STANDARD,4.2,6,16.3,334,False,False,False,False,True,False,False,False,True,False,0.5327102803738318,0.4571428571428572,0.5882352941176471
TOYOTA,RAV4 SOFT TOP 4X4,SUV,2.0,4,11.9,253,False,False,False,False,True,False,False,False,True,False,0.3271028037383178,0.14285714285714285,0.38107416879795397
TOYOTA,RAV4 4X4,SUV,2.0,4,12.1,258,False,False,False,False,True,False,False,False,True,False,0.3364485981308411,0.14285714285714285,0.3938618925831202
DODGE,RAM 1500,PICKUP TRUCK - STANDARD,3.9,6,17.3,350,True,False,False,False,False,False,False,False,True,False,0.5794392523364487,0.41428571428571426,0.629156010230179
PONTIAC,GRAND PRIX #,MID-SIZE,3.8,6,15.0,288,True,False,False,False,False,False,False,False,False,True,0.4719626168224299,0.39999999999999997,0.47058823529411764
SATURN,SL #,COMPACT,1.9,4,10.6,207,True,False,False,False,False,False,False,False,True,False,0.26635514018691586,0.12857142857142856,0.26342710997442453
BMW,Z3,SUBCOMPACT,2.8,6,13.9,278,False,False,False,False,True,False,False,False,False,True,0.42056074766355145,0.2571428571428571,0.44501278772378516
PONTIAC,GRAND PRIX,MID-SIZE,3.8,6,13.5,262,True,False,False,False,False,False,False,False,True,False,0.40186915887850466,0.39999999999999997,0.4040920716112532
TOYOTA,RAV4,SUV,2.0,4,11.2,232,False,False,False,False,True,False,False,False,True,False,0.29439252336448596,0.14285714285714285,0.3273657289002558
FORD,FOCUS SEDAN,COMPACT,2.0,4,10.8,221,True,False,False,False,False,False,False,False,True,False,0.2757009345794393,0.14285714285714285,0.29923273657289
AUDI,A6 QUATTRO,MID-SIZE,2.8,6,15.4,306,False,True,False,False,False,False,False,False,False,True,0.4906542056074767,0.2571428571428571,0.5166240409207161
GMC,SONOMA,PICKUP TRUCK - SMALL,4.3,6,16.2,322,False,False,False,False,True,False,False,False,True,False,0.5280373831775701,0.4714285714285714,0.5575447570332481
OLDSMOBILE,SILHOUETTE,MINIVAN,3.4,6,14.0,281,True,False,False,False,False,False,False,False,True,False,0.4252336448598131,0.34285714285714286,0.45268542199488493
DAEWOO,NUBIRA,COMPACT,2.0,4,11.9,237,False,False,False,False,True,False,False,False,True,False,0.3271028037383178,0.14285714285714285,0.340153452685422
FORD,WINDSTAR WAGON,MINIVAN,3.0,6,15.6,311,True,False,False,False,False,False,False,False,True,False,0.5,0.2857142857142857,0.5294117647058824
DODGE,RAM 1500,PICKUP TRUCK - STANDARD,5.2,8,20.0,396,True,False,False,False,False,False,False,False,True,False,0.705607476635514,0.6,0.7468030690537084
LEXUS,LX 470,SUV,4.7,8,19.4,405,True,False,False,False,False,False,False,False,True,False,0.6775700934579438,0.5285714285714286,0.7698209718670077
MAZDA,PROTEGE,COMPACT,1.8,4,10.2,212,False,False,False,False,True,False,False,False,True,False,0.24766355140186913,0.1142857142857143,0.27621483375959077
SAAB,9-3 TURBO,MID-SIZE,2.0,4,12.9,255,False,False,False,False,True,False,False,False,True,False,0.3738317757009346,0.14285714285714285,0.38618925831202044
INFINITI,G20,COMPACT,2.0,4,11.6,235,True,False,False,False,False,False,False,False,True,False,0.3130841121495327,0.14285714285714285,0.3350383631713555
GMC,SAFARI PASSENGER,VAN - PASSENGER,4.3,6,17.7,368,True,False,False,False,False,False,False,False,True,False,0.5981308411214953,0.4714285714285714,0.6751918158567775
CHEVROLET,TRACKER CONVERTIBLE 4X4,SUV,1.6,4,10.5,228,False,False,False,False,True,False,False,False,True,False,0.2616822429906542,0.08571428571428573,0.3171355498721228
CHEVROLET,G15/G25 CHEVY VAN,VAN - CARGO,5.7,8,19.3,398,True,False,False,False,False,False,False,False,True,False,0.6728971962616823,0.6714285714285715,0.7519181585677749
JEEP,TJ 4X4,SUV,4.0,6,16.7,347,False,False,False,False,True,False,False,False,True,False,0.5514018691588785,0.42857142857142855,0.6214833759590793
CHEVROLET,CAMARO,SUBCOMPACT,3.8,6,13.7,262,False,False,False,False,True,False,False,False,True,False,0.411214953271028,0.39999999999999997,0.4040920716112532
OLDSMOBILE,INTRIGUE,MID-SIZE,3.5,6,14.7,283,True,False,False,False,False,False,False,False,True,False,0.45794392523364486,0.35714285714285715,0.4578005115089514
HONDA,PRELUDE,SUBCOMPACT,2.2,4,12.7,260,False,False,True,False,False,False,False,False,False,True,0.3644859813084112,0.17142857142857146,0.3989769820971867
FERRARI,456 MGTA,SUBCOMPACT,5.5,12,26.3,495,False,False,False,False,False,True,False,False,False,True,1.0,0.6428571428571429,1.0
PONTIAC,FIREBIRD/FORMULA,SUBCOMPACT,5.7,8,14.9,290,False,False,False,False,False,True,False,False,False,True,0.4672897196261683,0.6714285714285715,0.47570332480818417
CHEVROLET,NEW K1500 TAHOE 4X4,SUV,5.3,8,18.9,391,True,False,False,False,False,False,False,False,True,False,0.6542056074766355,0.6142857142857142,0.7340153452685422
VOLKSWAGEN,PASSAT WAGON,STATION WAGON - MID-SIZE,1.8,4,13.2,258,False,True,False,False,False,False,False,False,False,True,0.3878504672897196,0.1142857142857143,0.3938618925831202
AUDI,A6 QUATTRO,MID-SIZE,2.7,6,15.2,304,False,False,False,False,False,True,False,False,False,True,0.48130841121495327,0.24285714285714288,0.5115089514066496
CHEVROLET,ASTRO AWD CARGO,VAN - CARGO,4.3,6,17.0,350,True,False,False,False,False,False,False,False,True,False,0.5654205607476636,0.4714285714285714,0.629156010230179
CHEVROLET,K1500 SILVERADO 4X4,PICKUP TRUCK - STANDARD,4.3,6,18.7,386,False,False,False,False,True,False,False,False,True,False,0.6448598130841121,0.4714285714285714,0.7212276214833759
FORD,TAURUS,MID-SIZE,3.0,6,13.6,267,True,False,False,False,False,False,False,False,True,False,0.40654205607476634,0.2857142857142857,0.41687979539641945
MERCEDES-BENZ,SLK 230 KOMPRESSOR #,SUBCOMPACT,2.3,4,12.6,246,False,False,False,False,True,False,False,False,False,True,0.3598130841121495,0.1857142857142857,0.3631713554987212
CHEVROLET,G1500/G2500 CHEVY EXPRESS,VAN - PASSENGER,5.7,8,20.6,426,True,False,False,False,False,False,False,False,True,False,0.7336448598130842,0.6714285714285715,0.8235294117647058
